date,id,groupId,title,amount,display
11/1/2016,0d566332-e23f-4ccc-8bf5-62e35a26cf63,ff5586de-07c8-46cc-9f1f-89d5212c2931,ESSEN                  NEW YORK      NY 16303,-4,Essen
4/12/2017,af625397-4b2a-4155-b72f-6cc5e38f47ee,fe6059e7-01e6-4bfc-a1d8-1798cbfd964b,AMAZON MKTPLACE PMTS   AMZN.COM/BILL WA 17101,-195,Amazon
3/21/2017,49aecd34-3644-4c6a-b719-886bf00bfd6e,fe6059e7-01e6-4bfc-a1d8-1798cbfd964b,AMAZON MKTPLACE PMTS   AMAZON MKTPLA WA 17079,-286,
3/2/2017,6c67bede-23cd-46e5-8ea9-8858f3e453ac,fe6059e7-01e6-4bfc-a1d8-1798cbfd964b,AmazonPrime Membership 8665572820    WA 17060,-107,
1/4/2017,91747a3c-d34a-4dec-b293-c68ee6808311,fe6059e7-01e6-4bfc-a1d8-1798cbfd964b,Amazon Video On Demand AMZN.COM/bill WA 17002,-19,
12/30/2016,c21870f7-7878-4773-b155-21d1817d964e,fe6059e7-01e6-4bfc-a1d8-1798cbfd964b,Amazon Video On Demand AMZN.COM/bill WA 16364,-4,
10/18/2016,88f305b7-74a0-468e-bc20-992d06f27976,fe6059e7-01e6-4bfc-a1d8-1798cbfd964b,Amazon Video On Demand AMZN.COM/bill WA 16291,-19,
10/4/2016,5c7f940d-242b-4599-840f-36caf816291a,fe6059e7-01e6-4bfc-a1d8-1798cbfd964b,Amazon Video On Demand AMZN.COM/bill WA 16277,-14,
9/27/2016,bd7d6d63-bec5-44d0-863e-1207b5eb129f,fe6059e7-01e6-4bfc-a1d8-1798cbfd964b,AMAZON MKTPLACE PMTS   AMZN.COM/BILL WA 16270,-100,
8/10/2016,e6944ee9-0c57-4448-888e-7224bbd962ba,fe6059e7-01e6-4bfc-a1d8-1798cbfd964b,AMAZON MKTPLACE PMTS   AMZN.COM/BILL WA 16222,-45,
8/9/2016,7eb41721-7d47-47df-9164-0301710fcee7,fe6059e7-01e6-4bfc-a1d8-1798cbfd964b,Amazon Video On Demand AMZN.COM/bill WA 16221,-6,
6/21/2016,1747db86-b0e8-4bb5-aad6-bf245d90c699,fe6059e7-01e6-4bfc-a1d8-1798cbfd964b,AMAZON VIDEO ON DEMAND 866-216-1072  WA 16172,-5,
6/1/2016,91dc0e8a-d4b4-4ab2-a0ab-372b4b169fed,fe6059e7-01e6-4bfc-a1d8-1798cbfd964b,Amazon Digital Svcs    866-216-1072  WA 16149,-65,
5/17/2016,7911d1cc-f30d-40f0-a846-0996d5f5cc70,fe6059e7-01e6-4bfc-a1d8-1798cbfd964b,AMAZON VIDEO ON DEMAND 866-216-1072  WA 16137,-5,
4/15/2016,abdc05f6-384e-4768-ade4-703cfe58c1bb,fe6059e7-01e6-4bfc-a1d8-1798cbfd964b,Amazon Services-Kindle 866-321-8851  WA 16105,-9,
12/14/2015,d51991f3-6502-4efe-915d-a2a1dd3932f6,fe6059e7-01e6-4bfc-a1d8-1798cbfd964b,AMAZON MKTPLACE PMTS   AMZN.COM/BILL WA 15345,-11,
12/14/2015,3ca65175-3f1e-47ff-9b6c-5ef940143049,fe6059e7-01e6-4bfc-a1d8-1798cbfd964b,AMAZON MKTPLACE PMTS   AMZN.COM/BILL WA 15345,-116,
12/14/2015,e9f2d8c2-1ca0-4b36-9e8f-3515a5faa719,fe6059e7-01e6-4bfc-a1d8-1798cbfd964b,AMAZON MKTPLACE PMTS   AMZN.COM/BILL WA 15345,-234,
12/11/2015,9b985682-d5d5-40f9-9b77-8b0944457eb3,fe6059e7-01e6-4bfc-a1d8-1798cbfd964b,AMAZON MKTPLACE PMTS   AMZN.COM/BILL WA 15344,-15,
12/9/2015,e8d20e92-24ea-4339-98f9-78fc7ef3037f,fe6059e7-01e6-4bfc-a1d8-1798cbfd964b,AMAZON MKTPLACE PMTS   AMZN.COM/BILL WA 15342,-21,
12/8/2015,50f4130a-d969-4ef0-bb4f-78008a0e6fd8,fe6059e7-01e6-4bfc-a1d8-1798cbfd964b,AMAZON MKTPLACE PMTS   AMZN.COM/BILL WA 15341,-154,
12/2/2015,24438cd2-d73d-4ebe-9a2e-5f716afce6c8,fe6059e7-01e6-4bfc-a1d8-1798cbfd964b,AMAZON MKTPLACE PMTS   AMZN.COM/BILL WA 15335,-119,
12/15/2016,fb76230c-eee9-4063-8687-3e77d757285a,f99abbb9-0f78-4f76-938e-6a61b5ed4e38,USPS KIOSK 35965 217 W NEW YORK     NYUS02194,-40,USPS
12/7/2016,c2a04280-5301-4516-ac06-d6783024d1a2,f7b95203-2dbd-422a-96fa-b549ade3c99b,7-ELEVEN               NEW YORK     NYUS05155,-7,7/11
4/5/2016,255257c0-883e-473b-b0ec-0318c21b611f,f7b95203-2dbd-422a-96fa-b549ade3c99b,7-ELEVEN 35819         NEW YORK      NY 16095,-2,
4/19/2017,07570858-c3d2-4dd9-839e-1e9e0a4dcaa2,f6ecf6d4-94c1-4da7-818c-9f579fbb78dd,INCIDENTPAGE.NET       WYLIE         TX 17108,-4,Incident Page
4/6/2017,ae2b7737-3830-4895-a6ee-f477b9b803b6,f6ecf6d4-94c1-4da7-818c-9f579fbb78dd,INCIDENTPAGE.NET       WYLIE         TX 17095,-4,
3/23/2017,4b341246-6c3d-4c33-b9e7-fe358e47f1dc,f6ecf6d4-94c1-4da7-818c-9f579fbb78dd,INCIDENTPAGE.NET       WYLIE         TX 17081,-4,
3/9/2017,cf499855-f9e2-44db-953b-f4047db537e5,f6ecf6d4-94c1-4da7-818c-9f579fbb78dd,INCIDENTPAGE.NET       WYLIE         TX 17067,-4,
2/23/2017,f4bd616c-14bc-46c7-bf04-21a59493dea8,f6ecf6d4-94c1-4da7-818c-9f579fbb78dd,INCIDENTPAGE.NET       WYLIE         TX 17053,-4,
2/9/2017,193263e2-b690-4690-b7ca-f2025a251379,f6ecf6d4-94c1-4da7-818c-9f579fbb78dd,INCIDENTPAGE.NET       WYLIE         TX 17039,-4,
1/25/2017,de7522cb-730e-412f-9b7c-3fc7debbb0ac,f6ecf6d4-94c1-4da7-818c-9f579fbb78dd,INCIDENTPAGE.NET       WYLIE         TX 17024,-4,
1/12/2017,26d8a292-c62f-4b0b-8316-f91884d2a96e,f6ecf6d4-94c1-4da7-818c-9f579fbb78dd,INCIDENTPAGE.NET       WYLIE         TX 17011,-4,
12/29/2016,05b816ba-450c-40cd-b3d7-268ba6a97dfb,f6ecf6d4-94c1-4da7-818c-9f579fbb78dd,INCIDENTPAGE.NET       WYLIE         TX 16363,-4,
12/15/2016,d510db2e-84b8-4d5b-aea8-9afb26c04e56,f6ecf6d4-94c1-4da7-818c-9f579fbb78dd,INCIDENTPAGE.NET       WYLIE         TX 16349,-4,
12/1/2016,340d32e1-3d78-4ad2-9f9c-25216c4969ee,f6ecf6d4-94c1-4da7-818c-9f579fbb78dd,INCIDENTPAGE.NET       WYLIE         TX 16335,-4,
11/17/2016,7f80d757-e9d1-4097-9c95-7fdb16e509a1,f6ecf6d4-94c1-4da7-818c-9f579fbb78dd,INCIDENTPAGE.NET       WYLIE         TX 16321,-4,
11/3/2016,408a3333-82e0-410f-89ab-f9165f046323,f6ecf6d4-94c1-4da7-818c-9f579fbb78dd,INCIDENTPAGE.NET       WYLIE         TX 16307,-4,
10/20/2016,a3d6017f-63d1-428f-b682-5b96366ad051,f6ecf6d4-94c1-4da7-818c-9f579fbb78dd,INCIDENTPAGE.NET       WYLIE         TX 16293,-4,
10/6/2016,cc0aae32-bd8b-4c68-a380-72e635eb129d,f6ecf6d4-94c1-4da7-818c-9f579fbb78dd,INCIDENTPAGE.NET       WYLIE         TX 16279,-4,
9/22/2016,a6b9e402-f632-4f88-902c-b52e35fb5cfc,f6ecf6d4-94c1-4da7-818c-9f579fbb78dd,INCIDENTPAGE.NET       WYLIE         TX 16265,-4,
9/8/2016,025310a5-6d17-45bf-a368-dfc46bdaa613,f6ecf6d4-94c1-4da7-818c-9f579fbb78dd,INCIDENTPAGE.NET       WYLIE         TX 16251,-4,
8/25/2016,55e43c0d-cce1-4907-ba7a-d3e658053185,f6ecf6d4-94c1-4da7-818c-9f579fbb78dd,INCIDENTPAGE.NET       WYLIE         TX 16237,-4,
8/11/2016,b559c665-2a68-493f-a0b3-1af39bff8086,f6ecf6d4-94c1-4da7-818c-9f579fbb78dd,INCIDENTPAGE.NET       WYLIE         TX 16223,-4,
7/28/2016,67e5d808-ac90-453a-a0df-b8c521c48af4,f6ecf6d4-94c1-4da7-818c-9f579fbb78dd,INCIDENTPAGE.NET       WYLIE         TX 16209,-4,
7/14/2016,59e309f0-73e7-425d-aa71-3717285ab54f,f6ecf6d4-94c1-4da7-818c-9f579fbb78dd,INCIDENTPAGE.NET       WYLIE         TX 16195,-4,
6/30/2016,ef00a881-a8d8-45a6-ae03-f79c5a43fa90,f6ecf6d4-94c1-4da7-818c-9f579fbb78dd,INCIDENTPAGE.NET       WYLIE         TX 16181,-4,
6/15/2016,74920af3-1281-4ac5-a390-bbbb4def1131,f6ecf6d4-94c1-4da7-818c-9f579fbb78dd,INCIDENTPAGE.NET       WYLIE         TX 16166,-4,
6/2/2016,86af03cd-5ca4-46dd-b201-331e10a933a3,f6ecf6d4-94c1-4da7-818c-9f579fbb78dd,INCIDENTPAGE.NET       WYLIE         TX 16153,-4,
5/18/2016,02394d34-4dc0-4528-a141-a6c881bfd215,f6ecf6d4-94c1-4da7-818c-9f579fbb78dd,INCIDENTPAGE.NET       WYLIE         TX 16138,-4,
4/29/2016,18b4edf1-885d-4dfa-9fa9-38a8db33a28a,f4bfe089-c0a9-4293-865e-c97acc43723f,NY BURGER II           NEW YORK      NY 16119,-7,New York Burger Co.
4/19/2016,3466f12a-f37f-4e5b-ab3f-7294bfe4c858,f4bfe089-c0a9-4293-865e-c97acc43723f,NY BURGER II           NEW YORK      NY 16107,-11,
2/26/2016,e9bf005c-7df1-4874-bedd-189e37a3ec96,f4bfe089-c0a9-4293-865e-c97acc43723f,NY BURGER II           NEW YORK      NY 16056,-7,
2/17/2016,685adb08-e7a0-4483-b6c8-7a81bf7a5d21,f4bfe089-c0a9-4293-865e-c97acc43723f,NY BURGER II           NEW YORK      NY 16044,-11,
1/22/2016,9622348e-ab71-4699-bfc6-64c3c36afe6b,f4bfe089-c0a9-4293-865e-c97acc43723f,NY BURGER II           NEW YORK      NY 16021,-7,
1/12/2016,aad3b3e9-b34a-4ddc-80f4-d76b82b0b550,f4bfe089-c0a9-4293-865e-c97acc43723f,NY BURGER II           NEW YORK      NY 16009,-7,
12/18/2015,a2158d95-85b0-4de7-976d-19c455f37084,f4bfe089-c0a9-4293-865e-c97acc43723f,NY BURGER II           NEW YORK      NY 15351,-7,
12/15/2015,ba65aa29-f934-4772-bf88-06da1672f863,f4bfe089-c0a9-4293-865e-c97acc43723f,NY BURGER II           NEW YORK      NY 15346,-7,
12/4/2015,bab50348-b6d0-435b-97b9-fe6df2510274,f4bfe089-c0a9-4293-865e-c97acc43723f,NY BURGER II           NEW YORK      NY 15337,-7,
12/1/2015,74c97638-376e-4299-a4a1-ea5049e922ee,f4bfe089-c0a9-4293-865e-c97acc43723f,NY BURGER II           NEW YORK      NY 15332,-7,
11/24/2015,7a568f5e-022c-41d9-b694-e249ec2966d4,f4bfe089-c0a9-4293-865e-c97acc43723f,NY BURGER II           NEW YORK      NY 15325,-7,
11/17/2015,34c7a92e-1e2c-4581-a4cb-0571bb9c4def,f4bfe089-c0a9-4293-865e-c97acc43723f,NY BURGER II           NEW YORK      NY 15318,-7,
11/9/2015,f80e0a56-4d56-4b28-99a8-6512f728b19c,f4bfe089-c0a9-4293-865e-c97acc43723f,NY BURGER II           NEW YORK      NY 15310,-7,
4/4/2017,77b1ba34-51a2-4b6a-8aff-3085f381e257,f32cf1b4-47c2-407e-aee6-c83a2fc95d44,DIGITALOCEAN.COM       6463978051    NY 17093,-24,Digital Ocean
4/4/2017,9e934079-3930-49f1-85de-4f51815b7aa2,f32cf1b4-47c2-407e-aee6-c83a2fc95d44,DIGITALOCEAN.COM       6463978051    NY 17093,-5,
3/3/2017,14ad43b1-7db9-4e15-a05d-9003fcb721cc,f32cf1b4-47c2-407e-aee6-c83a2fc95d44,DIGITALOCEAN.COM       6463978051    NY 17061,-24,
3/3/2017,aca61b41-9dbe-4493-bee4-f110d6602cbe,f32cf1b4-47c2-407e-aee6-c83a2fc95d44,DIGITALOCEAN.COM       6463978051    NY 17061,-5,
2/3/2017,fb87617d-9de6-488b-afd4-bbd13f7b5bcd,f32cf1b4-47c2-407e-aee6-c83a2fc95d44,DIGITALOCEAN.COM       6463978051    NY 17033,-24,
2/3/2017,3c1fed1b-5fe5-446c-872a-28fd24975643,f32cf1b4-47c2-407e-aee6-c83a2fc95d44,DIGITALOCEAN.COM       6463978051    NY 17033,-1,
1/4/2017,9477be78-6b24-47c0-bd08-2c6d2c3cef1f,f32cf1b4-47c2-407e-aee6-c83a2fc95d44,DIGITALOCEAN.COM       6463978051    NY 17002,-24,
12/5/2016,846404d4-838f-4733-a459-f4d9be9ef7b8,f32cf1b4-47c2-407e-aee6-c83a2fc95d44,DIGITALOCEAN.COM       6463978051    NY 16337,-24,
11/3/2016,9aa49c7b-ec1d-4d59-92ac-60e5f170b503,f32cf1b4-47c2-407e-aee6-c83a2fc95d44,DIGITALOCEAN.COM       6463978051    NY 16307,-24,
10/4/2016,b4bdfffd-7454-4b1b-a631-cc80b06c2025,f32cf1b4-47c2-407e-aee6-c83a2fc95d44,DIGITALOCEAN.COM       6463978051    NY 16277,-26,
6/30/2016,bca2a821-64a9-41bb-a238-e9d7eaa33a06,efd13f04-7d49-41b2-892f-b09a4098e17f,KICKSTARTER BENCHMARK  9292244943    LA 16181,-50,Kickstarter
4/11/2017,9dfc731d-65ba-4670-8372-b150e29065d0,ecac2f94-841c-41fd-8bf5-0516fd692f4b,BEST BUY #482          NEW YORK     NYUS05157,-92,BestBuy
1/24/2017,ebde08b7-ecc6-47b0-9a42-c63208c441f6,e983380f-1e31-47dc-8713-3b13659de1d2,BGTEA855-984-1618      855-9841618   UT 17023,-49,Fraud?
2/17/2017,eddad71d-db2e-4276-8a96-26d3009d85f3,e08715fb-f94e-49b1-b052-afc747e7b5b5,PAYPAL *SBPRIME        4029357733    CA 17047,-10,Paypal
2/14/2017,abd32d8f-68f0-406c-8c6a-1452b72ed4aa,e08715fb-f94e-49b1-b052-afc747e7b5b5,PAYPAL *FIVERR COM     4029357733    ISR17044,-11,
10/25/2016,304917e0-0525-4f12-a4ed-e7b47a6c95da,e08715fb-f94e-49b1-b052-afc747e7b5b5,PAYPAL *MACETECHLLC    5102052944    CA 16298,-57,
4/19/2016,78a6e4cc-c905-4bb2-ab4f-0de5b2217259,e08715fb-f94e-49b1-b052-afc747e7b5b5,PAYPAL *GAMEDEVNETW    07708018187   CA 16109,-15,
4/25/2017,4b75d7c1-b13f-4965-a3e5-cb90d90e9901,dddf5105-9f20-4d1a-bbdc-95d91c8434bb,DNSIMPLE               8886947448    FL 17114,-5,DNS Simple
3/27/2017,eef637c2-cc62-4273-a94c-cdda1768d6ed,dddf5105-9f20-4d1a-bbdc-95d91c8434bb,DNSIMPLE               8886947448    FL 17083,-5,
2/27/2017,7fc2da12-53f7-489d-9cb0-f8a9c13a9b35,dddf5105-9f20-4d1a-bbdc-95d91c8434bb,DNSIMPLE               8886947448    FL 17055,-5,
2/9/2016,4c270f86-b3de-4047-a585-3d6a051efa1f,ddc3d002-dd71-4574-b021-26bc9960d4a0,BRAVO PIZZA            NEW YORK      NY 16039,-5,Bravo Pizza
11/24/2015,861d6b69-3b37-437e-ada4-4a822cc51bea,ddc3d002-dd71-4574-b021-26bc9960d4a0,BRAVO PIZZA            NEW YORK      NY 15327,-5,
8/23/2016,ac7a5158-75be-443d-8094-b8da2aade4ed,d9ccc458-c680-4608-9edc-c5403712b704,DOMAINAGENTS.COM       8662298242    CAN16235,-19,Domain Agents
2/3/2017,53a3dc08-13c9-47d1-aee7-e7f7e06098de,d8550690-4fe6-4f20-9284-e667ed31d01e,ONLINE                     Reference # 000957,-1,Unmarked Online Payment
11/21/2016,91abad22-b98d-4572-ac5d-8a4aa3ebe3cc,d8550690-4fe6-4f20-9284-e667ed31d01e,ONLINE                     Reference # 000119,-579,
11/7/2016,18c1c324-2eb7-4693-9f39-153fce0e8756,d8550690-4fe6-4f20-9284-e667ed31d01e,ONLINE                     Reference # 004344,-579,
10/7/2016,ea5d23c6-7fd8-4e3c-b1df-8e33f5514b46,d8550690-4fe6-4f20-9284-e667ed31d01e,ONLINE                     Reference # 004146,-17,
9/30/2016,a3548988-a463-4ffa-acaf-e5651dd23a81,d8550690-4fe6-4f20-9284-e667ed31d01e,ONLINE                     Reference # 007927,-944,
9/30/2016,88575a59-2fe4-41a4-9579-cbaf5c6472b3,d8550690-4fe6-4f20-9284-e667ed31d01e,ONLINE                     Reference # 007926,-21,
9/13/2016,5ebf0dfe-526c-4652-ba39-c52909f6edd2,d8550690-4fe6-4f20-9284-e667ed31d01e,ONLINE                     Reference # 001258,-30,
8/26/2016,1bc4da9e-1d1c-49eb-9bd2-63d5c9ed25ed,d8550690-4fe6-4f20-9284-e667ed31d01e,ONLINE                     Reference # 000545,-1,
7/29/2016,b10f498c-9a7f-4b61-bf5e-283782587d0b,d8550690-4fe6-4f20-9284-e667ed31d01e,ONLINE                     Reference # 001436,-102,
6/23/2016,87981c6e-c5b9-4b8e-8cdb-42ac534d5ea0,d8550690-4fe6-4f20-9284-e667ed31d01e,ONLINE                     Reference#    2092,-753,
6/9/2016,abbc6b49-3103-4411-b6aa-238dd7e3d83c,d8550690-4fe6-4f20-9284-e667ed31d01e,ONLINE                     Reference#    2901,-125,
4/26/2016,b7c10ccd-141c-4141-9983-2564863dd108,d8550690-4fe6-4f20-9284-e667ed31d01e,ONLINE                     Reference#    1734,-55,
4/13/2016,ac50956e-2d76-4cda-a617-6ad20414b960,d8550690-4fe6-4f20-9284-e667ed31d01e,ONLINE                     Reference#    2579,-67,
4/4/2016,78de6118-32cd-439a-8fbc-a475f9d1140a,d8550690-4fe6-4f20-9284-e667ed31d01e,ONLINE                     Reference#    1513,-39,
3/21/2016,612ea8d4-f3f7-4c9f-a80a-6abe148e872d,d8550690-4fe6-4f20-9284-e667ed31d01e,ONLINE                     Reference#    4776,-41,
3/11/2016,e52544d6-4f63-46fc-9c0c-c78917f14bae,d8550690-4fe6-4f20-9284-e667ed31d01e,ONLINE                     Reference#    6658,-71,
3/3/2016,6721ce36-5288-4eee-a329-51a6558f4505,d8550690-4fe6-4f20-9284-e667ed31d01e,ONLINE                     Reference#    8474,-51,
2/11/2016,9587bc5a-af02-4218-b9fd-4e845feea1e9,d8550690-4fe6-4f20-9284-e667ed31d01e,ONLINE                     Reference#    4064,-114,
2/2/2016,af726b7e-fdfb-4dbb-bb43-18fb09d44cc4,d8550690-4fe6-4f20-9284-e667ed31d01e,ONLINE                     Reference#    1847,-25,
12/21/2015,28434ff2-5a17-4822-b396-5b83c3482a36,d8550690-4fe6-4f20-9284-e667ed31d01e,ONLINE                     Reference#    7173,-40,
11/23/2015,78fab3aa-cdcd-47b1-9eee-450d75978425,d8550690-4fe6-4f20-9284-e667ed31d01e,ONLINE                     Reference#    1204,-95,
12/16/2016,e4d5e374-e34c-4ee4-9267-181ff4d04f20,d3b726ea-f480-4597-b6ba-d85d9de34dd6,THE LEGO STORE         NEW YORK      NY 16350,-23,Lego Store
4/6/2017,465c4bc1-c72e-4fc3-8295-bce2c88684c8,d3b726ea-f480-4597-b6ba-d85d9de34dd4,THE BIG SLICE          NEW YORK      NY 17095,-8,Big Slice NYC
3/28/2017,12524cd7-1d4b-4d47-bc69-fb5de2cc8ecc,d3b726ea-f480-4597-b6ba-d85d9de34dd4,THE BIG SLICE          NEW YORK      NY 17084,-8,
3/13/2017,2164c258-f833-46ef-962f-33f6031dd7ef,d3b726ea-f480-4597-b6ba-d85d9de34dd4,THE BIG SLICE          NEW YORK      NY 17069,-8,
2/22/2017,164bf817-3714-4ae5-ad76-a8cb206b3709,d3b726ea-f480-4597-b6ba-d85d9de34dd4,THE BIG SLICE          NEW YORK      NY 17049,-8,
2/14/2017,a21ed554-429e-460a-ac4f-54b34601f452,d3b726ea-f480-4597-b6ba-d85d9de34dd4,THE BIG SLICE          NEW YORK      NY 17042,-5,
1/31/2017,e03a9f39-3a25-49eb-b31b-35d087ec9a09,d3b726ea-f480-4597-b6ba-d85d9de34dd4,THE BIG SLICE          NEW YORK      NY 17028,-5,
1/10/2017,9cdee050-01a1-4d18-b1bd-fc76b99428a9,d3b726ea-f480-4597-b6ba-d85d9de34dd4,THE BIG SLICE          NEW YORK      NY 17007,-7,
11/22/2016,697e0c66-cd04-4594-8a82-115ae6d36f88,d3b726ea-f480-4597-b6ba-d85d9de34dd4,THE BIG SLICE OF NEW Y NEW YORK      NY 16324,-5,
11/8/2016,0e6045f5-fc81-41ce-bc6a-44d220c3f297,d3b726ea-f480-4597-b6ba-d85d9de34dd4,THE BIG SLICE OF NEW Y NEW YORK      NY 16310,-7,
9/13/2016,e04b27b3-70eb-443b-b2fb-80cf7824e0fa,d3b726ea-f480-4597-b6ba-d85d9de34dd4,THE BIG SLICE OF NEW Y NEW YORK      NY 16254,-7,
8/30/2016,c45acae6-99ff-4dc1-a874-d41ffd26710f,d3b726ea-f480-4597-b6ba-d85d9de34dd4,THE BIG SLICE OF NEW Y NEW YORK      NY 16240,-7,
8/23/2016,bf0bfe29-0ed7-4006-ac1f-7ef1c431496e,d3b726ea-f480-4597-b6ba-d85d9de34dd4,THE BIG SLICE OF NEW Y NEW YORK      NY 16233,-7,
8/15/2016,2056489c-17cf-48ba-9838-8162a201e802,d3b726ea-f480-4597-b6ba-d85d9de34dd4,THE BIG SLICE OF NEW Y NEW YORK      NY 16225,-7,
8/1/2016,600904cc-3cb1-446e-b60e-4e0c12257b08,d3b726ea-f480-4597-b6ba-d85d9de34dd4,THE BIG SLICE OF NEW Y NEW YORK      NY 16211,-7,
7/25/2016,150b61aa-c3d7-4cc4-8b15-128e282afb1e,d3b726ea-f480-4597-b6ba-d85d9de34dd4,THE BIG SLICE OF NEW Y NEW YORK      NY 16204,-7,
7/19/2016,b7970254-0804-4ed4-a0a3-e3dc4f284722,d3b726ea-f480-4597-b6ba-d85d9de34dd4,THE BIG SLICE OF NEW Y NEW YORK      NY 16198,-7,
7/14/2016,607a5501-3980-4138-b3a8-32c573af01da,d3b726ea-f480-4597-b6ba-d85d9de34dd4,THE BIG SLICE OF NEW Y NEW YORK      NY 16195,-7,
3/28/2017,47dae9f0-f783-43c3-9de5-dd85cd344320,cf7b6ac1-c53f-4490-8e64-ba24e0462f46,HRB ONLINE TAX PRODUCT 8004725625    MO 17086,-130,H&R Block
3/23/2017,2de4a7ca-c46a-43a2-915f-de1ce9d864f9,ca83ac1e-af81-4289-be54-7a08a6b1fa55,WPY*Help Joey Hudy Get 855-469-3729  CA 17081,-50,GoFundMe
10/4/2016,92b25f05-203a-4cfb-be33-b4c05b2776bc,ca83ac1e-af81-4289-be54-7a08a6b1fa55,WPY*Merlexs Medical Fu 855-469-3729  CA 16277,-25,
6/21/2016,6e8002bd-5ffe-4eee-9c6d-14f964b17646,ca83ac1e-af81-4289-be54-7a08a6b1fa55,WPY*Support Victims of 855-469-3729  CA 16172,-50,
5/13/2016,8c61311b-0ba4-41aa-9326-c68b0fc2b3f4,c6488726-68cf-4b0c-8670-f25d86e60b4c,UA UNION SQUARE 14     NEW YORK      NY 16133,-7,Movie Theatre
1/5/2017,aba48b64-12d5-4fe0-af72-6e35bb2d0cbf,c17df5ab-be96-4ea5-937f-7951b982896c,ADY*SPOTIFY P016E2B61  HTTPS://WWW.S NY 17004,-9,Spotify
11/7/2016,8cc5cbed-03b9-45bd-9822-44cca4e1cd45,c17df5ab-be96-4ea5-937f-7951b982896c,ADY*SPOTIFY P0103D441  HTTPS://WWW.S NY 16309,-9,
10/5/2016,4b0b2332-740e-469f-8373-41ee7f235ede,c17df5ab-be96-4ea5-937f-7951b982896c,ADY*SPOTIFY P00D3E706  HTTPS://WWW.S NY 16278,-9,
9/7/2016,c74c301c-5568-4484-8d10-c561cf759db4,c17df5ab-be96-4ea5-937f-7951b982896c,ADY*SPOTIFY P00A4D55F  HTTPS://WWW.S NY 16249,-9,
8/5/2016,09168f5e-9c0b-4763-8e98-7aafe7524a47,c17df5ab-be96-4ea5-937f-7951b982896c,ADY*SPOTIFY P007A9F3A  HTTPS://WWW.S NY 16217,-9,
3/7/2016,e912823d-e9cf-4e1f-a700-95da39eb94d5,c17df5ab-be96-4ea5-937f-7951b982896c,ADY*SPOTIFY 2323052830 646-8375380   NY 16064,-9,
2/5/2016,d76775a5-647d-433d-8eb0-8d8f50e16725,c17df5ab-be96-4ea5-937f-7951b982896c,ADY*SPOTIFY 2086670130 646-8375380   NY 16035,-9,
1/5/2016,8ab32a70-c59f-477c-86f4-d79f79f40644,c17df5ab-be96-4ea5-937f-7951b982896c,ADY*SPOTIFY 1797695820 646-8375380   NY 16004,-9,
12/7/2015,8cddd4d7-b6c0-46ac-a7d1-da172ddbec52,c17df5ab-be96-4ea5-937f-7951b982896c,ADY*SPOTIFY 1586223160 646-8375380   NY 15338,-9,
4/4/2017,ba4bcc8a-97fa-4b61-87c6-703874d9bb63,c13a3e65-ac5d-4bcd-a7c3-34913c55d225,GITHUB.COM  J8EW       4154486673    CA 17093,-7,Github
3/6/2017,73b3fee2-1470-465f-b1a4-1e5f51711865,c13a3e65-ac5d-4bcd-a7c3-34913c55d225,GITHUB.COM  J8EW       4154486673    CA 17062,-7,
2/6/2017,639d6113-6f8a-44c7-81d5-3313216823f2,c13a3e65-ac5d-4bcd-a7c3-34913c55d225,GITHUB.COM  J8EW       4154486673    CA 17034,-7,
1/4/2017,1fc36166-0fc5-4e8c-b984-38a1dd2f233f,c13a3e65-ac5d-4bcd-a7c3-34913c55d225,GITHUB.COM  J8EW       4154486673    CA 17003,-7,
12/6/2016,99163409-8ff6-4635-813a-b4b24cc8f19f,c13a3e65-ac5d-4bcd-a7c3-34913c55d225,GITHUB.COM  J8EW       4154486673    CA 16338,-7,
11/4/2016,97d76d77-d312-4e76-b196-162083aeefe7,c13a3e65-ac5d-4bcd-a7c3-34913c55d225,GITHUB.COM  J8EW       4154486673    CA 16308,-7,
10/4/2016,cb90e4b4-65a4-44ec-99b6-8b246b26dc6a,c13a3e65-ac5d-4bcd-a7c3-34913c55d225,GITHUB.COM  J8EW       4154486673    CA 16277,-7,
9/7/2016,32099368-0733-4f7f-84ab-d29fcc95720b,c13a3e65-ac5d-4bcd-a7c3-34913c55d225,GITHUB.COM  J8EW       4154486673    CA 16247,-7,
8/4/2016,d84a5038-1f9f-45ed-8f00-ac324f3a99d8,c13a3e65-ac5d-4bcd-a7c3-34913c55d225,GITHUB.COM  J8EW       4154486673    CA 16216,-7,
7/6/2016,cda57692-a07b-4c6b-9aad-a941094120b6,c13a3e65-ac5d-4bcd-a7c3-34913c55d225,GITHUB.COM  J8EW       4154486673    CA 16186,-7,
6/6/2016,8c681952-47c4-4385-9512-a3add233fa68,c13a3e65-ac5d-4bcd-a7c3-34913c55d225,GITHUB.COM  J8EW       4154486673    CA 16155,-3,
5/4/2016,a8d396d8-9a81-4d75-873b-9ad7d585f034,c13a3e65-ac5d-4bcd-a7c3-34913c55d225,GITHUB.COM  J8EW       4154486673    CA 16124,-12,
4/5/2016,8b20f4b7-aa42-4a91-91af-03074661e456,c13a3e65-ac5d-4bcd-a7c3-34913c55d225,GITHUB.COM  J8EW       4154486673    CA 16095,-12,
3/4/2016,0abe6da1-c996-4e8b-b4ca-da624ce6c6d2,c13a3e65-ac5d-4bcd-a7c3-34913c55d225,GITHUB.COM  J8EW       4154486673    CA 16063,-12,
2/4/2016,a0546a59-2e34-4a7e-b67a-260cb10bf6f4,c13a3e65-ac5d-4bcd-a7c3-34913c55d225,GITHUB.COM  J8EW       4154486673    CA 16034,-12,
1/5/2016,e53b1d0e-be4e-4419-8d5d-bab3d8beef07,c13a3e65-ac5d-4bcd-a7c3-34913c55d225,GITHUB.COM  J8EW       4154486673    CA 16004,-12,
12/4/2015,c89b6f7e-0fc3-4247-afb6-f3de4b46b0b4,c13a3e65-ac5d-4bcd-a7c3-34913c55d225,GITHUB.COM  J8EW       4154486673    CA 15337,-12,
11/30/2015,3d72ab58-e8a1-4b4a-8d52-18fd439ee396,c11e9a40-79b3-4e10-b2bb-0ea368d2a21f,CLOUD IMPERIUM GAMES   8882063676    CA 15331,-30,Star Citizen
4/26/2017,867ba2fe-e814-456d-a8cc-47882f8aad09,c04a0a27-80dc-4cb7-98a6-167147a49704,SHAKE SHACK 1101       646-747-7200  NY 17115,-9,ShakeShack
4/19/2017,f7c67696-b8d0-46fd-909d-f7a31c7d2202,c04a0a27-80dc-4cb7-98a6-167147a49704,SHAKE SHACK 1101       646-747-7200  NY 17108,-9,
4/14/2017,a9c8e21f-6f9e-4e4d-adcc-26d79d975be1,c04a0a27-80dc-4cb7-98a6-167147a49704,SHAKE SHACK 1101       646-747-7200  NY 17103,-9,
4/6/2017,68924113-2fbe-4a3a-a2bb-93cdb60a0a3d,c04a0a27-80dc-4cb7-98a6-167147a49704,SHAKE SHACK 1101       646-747-7200  NY 17095,-9,
3/29/2017,fab0741e-b502-41fe-8ea5-19d75d977312,c04a0a27-80dc-4cb7-98a6-167147a49704,SHAKE SHACK 1101       646-747-7200  NY 17087,-9,
3/22/2017,560c4f03-f439-4643-95c5-0e4234bbd95a,c04a0a27-80dc-4cb7-98a6-167147a49704,SHAKE SHACK 1101       646-747-7200  NY 17080,-9,
3/8/2017,2ad1302d-e366-493a-8ca1-a30acd8cd35d,c04a0a27-80dc-4cb7-98a6-167147a49704,SHAKE SHACK 1101       646-747-7200  NY 17066,-9,
3/1/2017,66a4bc16-0927-479a-a7c9-ea93ed00b7ba,c04a0a27-80dc-4cb7-98a6-167147a49704,SHAKE SHACK 1101       646-747-7200  NY 17059,-9,
2/23/2017,4bd9314d-e004-4298-ad25-2484093caec6,c04a0a27-80dc-4cb7-98a6-167147a49704,SHAKE SHACK 1101       646-747-7200  NY 17053,-9,
2/15/2017,1bc16d2a-2d17-4b2a-a935-2ef64988ba37,c04a0a27-80dc-4cb7-98a6-167147a49704,SHAKE SHACK 1101       646-747-7200  NY 17045,-9,
2/8/2017,e4fb37d3-6b4f-4b92-8771-2e5041ec4ba5,c04a0a27-80dc-4cb7-98a6-167147a49704,SHAKE SHACK 1101       646-747-7200  NY 17038,-9,
1/25/2017,8362ea86-1a23-4302-943b-9e85b5a7cbba,c04a0a27-80dc-4cb7-98a6-167147a49704,SHAKE SHACK 1101       646-747-7200  NY 17024,-9,
1/20/2017,58ccd0a0-9e0a-48a2-aeec-47c63f768c23,c04a0a27-80dc-4cb7-98a6-167147a49704,SHAKE SHACK 1101       NEW YORK      NY 17019,-9,
1/12/2017,aa61ce3b-62ab-44d8-8d79-11ad936f68f6,c04a0a27-80dc-4cb7-98a6-167147a49704,SHAKE SHACK 1101       NEW YORK      NY 17011,-9,
1/5/2017,3ada0147-1112-4c7e-8ad8-8d78ccaa77f3,c04a0a27-80dc-4cb7-98a6-167147a49704,SHAKE SHACK 1101       NEW YORK      NY 17004,-9,
12/14/2016,cccc3342-7e91-474c-8739-0cf2f4dc789c,c04a0a27-80dc-4cb7-98a6-167147a49704,SHAKE SHACK 1101       NEW YORK      NY 16348,-9,
11/30/2016,35800c42-66e5-4760-aa16-f8ea9a8fbba5,c04a0a27-80dc-4cb7-98a6-167147a49704,SHAKE SHACK 1101       NEW YORK      NY 16334,-9,
11/25/2016,71114a5e-3d48-492f-8c89-34668a761236,c04a0a27-80dc-4cb7-98a6-167147a49704,SHAKE SHACK 1101       NEW YORK      NY 16328,-9,
11/22/2016,f373acce-828f-4087-9bfb-b7b62b031af3,c04a0a27-80dc-4cb7-98a6-167147a49704,SHAKE SHACK 1101       NEW YORK      NY 16324,-9,
11/15/2016,a015b068-7319-4e7d-b9ae-4ff2977c9c10,c04a0a27-80dc-4cb7-98a6-167147a49704,SHAKE SHACK 1101       NEW YORK      NY 16316,-9,
11/2/2016,ed8de4a6-3880-4793-8d42-323369009255,c04a0a27-80dc-4cb7-98a6-167147a49704,SHAKE SHACK 1101       NEW YORK      NY 16306,-9,
10/26/2016,3cc7e5b8-8bdf-46a8-9ba8-fa5d5dcbc368,c04a0a27-80dc-4cb7-98a6-167147a49704,SHAKE SHACK 1101       NEW YORK      NY 16299,-9,
10/19/2016,fbdc2a09-f4f5-417b-9df2-bee2716ec74b,c04a0a27-80dc-4cb7-98a6-167147a49704,SHAKE SHACK 1101       NEW YORK      NY 16292,-9,
10/13/2016,821a53ec-94be-4d03-bfb1-9061b443a1b4,c04a0a27-80dc-4cb7-98a6-167147a49704,SHAKE SHACK 1101       NEW YORK      NY 16286,-26,
10/5/2016,e172af27-9282-480d-8b5f-597b971832fa,c04a0a27-80dc-4cb7-98a6-167147a49704,SHAKE SHACK 1101       NEW YORK      NY 16278,-13,
9/22/2016,b6990c4b-4f14-4fe5-9e14-6fae90acfb4f,c04a0a27-80dc-4cb7-98a6-167147a49704,SHAKE SHACK 1101       NEW YORK      NY 16265,-9,
9/19/2016,22d0308f-63e7-4fef-8583-ab68586e5ee1,c04a0a27-80dc-4cb7-98a6-167147a49704,SHAKE SHACK 1101       NEW YORK      NY 16260,-9,
9/8/2016,16d09a0e-9fb3-4ad2-a787-6e9dc28976d4,c04a0a27-80dc-4cb7-98a6-167147a49704,SHAKE SHACK 1101       NEW YORK      NY 16251,-9,
8/31/2016,83baf486-09a2-4cc6-b07a-c68800d94ba2,c04a0a27-80dc-4cb7-98a6-167147a49704,SHAKE SHACK 1101       NEW YORK      NY 16243,-9,
8/11/2016,9912f8e1-9c2a-47f2-8d29-14562e496bd3,c04a0a27-80dc-4cb7-98a6-167147a49704,SHAKE SHACK 1101       NEW YORK      NY 16223,-9,
8/4/2016,638befdc-ff94-46c9-b973-8e11567f5657,c04a0a27-80dc-4cb7-98a6-167147a49704,SHAKE SHACK 1101       NEW YORK      NY 16216,-9,
7/21/2016,deaedbe6-88b4-4fdc-84b1-4ad200176aaa,c04a0a27-80dc-4cb7-98a6-167147a49704,SHAKE SHACK 1101       NEW YORK      NY 16202,-9,
7/14/2016,a88e7e6f-4c8b-42b6-a010-0e9c7a59ad39,c04a0a27-80dc-4cb7-98a6-167147a49704,SHAKE SHACK 1101       NEW YORK      NY 16195,-9,
7/7/2016,d22e194b-3cca-4aa5-8d82-d4a3f0af5d2a,c04a0a27-80dc-4cb7-98a6-167147a49704,SHAKE SHACK 1101       NEW YORK      NY 16188,-9,
6/13/2016,70f2152c-e823-4023-8661-11ddaec46350,c04a0a27-80dc-4cb7-98a6-167147a49704,SHAKE SHACK 1101       NEW YORK      NY 16162,-19,
6/2/2016,d3c3aaea-32a4-4c70-9669-712954b23736,c04a0a27-80dc-4cb7-98a6-167147a49704,SHAKE SHACK 1101       NEW YORK      NY 16153,-16,
5/25/2016,2442f704-4d9a-4afa-ac5f-25ef9bc48470,c04a0a27-80dc-4cb7-98a6-167147a49704,SHAKE SHACK 1101       NEW YORK      NY 16145,-9,
5/18/2016,e7a1a50c-88c6-40cf-b497-f9eb96b78b28,c04a0a27-80dc-4cb7-98a6-167147a49704,SHAKE SHACK 1101       NEW YORK      NY 16138,-9,
5/10/2016,808e7862-fafc-47d7-832c-dca649ba0910,c04a0a27-80dc-4cb7-98a6-167147a49704,SHAKE SHACK 1101       NEW YORK      NY 16128,-9,
5/3/2016,7fc6348b-9c5a-44ee-a2ca-c8f69c3a6611,c04a0a27-80dc-4cb7-98a6-167147a49704,SHAKE SHACK 1101       NEW YORK      NY 16123,-9,
5/3/2016,d62b8102-ca93-457c-b6a9-fe820bd2f8c7,c04a0a27-80dc-4cb7-98a6-167147a49704,SHAKE SHACK 1101       NEW YORK      NY 16123,-13,
4/26/2016,4f4554d2-2e52-4cb6-bcac-ca074b3cb4f6,c04a0a27-80dc-4cb7-98a6-167147a49704,SHAKE SHACK 1101       NEW YORK      NY 16116,-10,
4/12/2016,1ce806ba-ed41-410a-9cf8-46018e5c2551,c04a0a27-80dc-4cb7-98a6-167147a49704,SHAKE SHACK 1101       NEW YORK      NY 16102,-10,
3/30/2016,7288a49a-54cc-45e4-8d5c-587deeab909c,c04a0a27-80dc-4cb7-98a6-167147a49704,SHAKE SHACK 1101       NEW YORK      NY 16089,-9,
2/24/2016,daf2978e-7340-447b-b599-9bcc91df35a6,c04a0a27-80dc-4cb7-98a6-167147a49704,SHAKE SHACK 1101       NEW YORK      NY 16054,-9,
2/18/2016,ea585472-ae2d-4c25-a98b-2acde7a9dd70,c04a0a27-80dc-4cb7-98a6-167147a49704,SHAKE SHACK 1101       NEW YORK      NY 16048,-9,
2/10/2016,d47e2473-7fb9-4d99-a48f-6f53ff78f96e,c04a0a27-80dc-4cb7-98a6-167147a49704,SHAKE SHACK 1101       NEW YORK      NY 16040,-23,
2/4/2016,433d7d56-2bcd-4040-b333-475d5a523663,c04a0a27-80dc-4cb7-98a6-167147a49704,SHAKE SHACK 1101       NEW YORK      NY 16034,-9,
1/14/2016,aec87231-56fe-4109-ae1e-487a1017918f,c04a0a27-80dc-4cb7-98a6-167147a49704,SHAKE SHACK 1101       NEW YORK      NY 16013,-9,
12/24/2015,679f2462-fac5-414b-9f15-4961f9479b72,c04a0a27-80dc-4cb7-98a6-167147a49704,SHAKE SHACK 1101       NEW YORK      NY 15357,-8,
12/16/2015,413fea51-ab4f-4108-9b73-0f3b1c3dd0d4,c04a0a27-80dc-4cb7-98a6-167147a49704,SHAKE SHACK 1101       NEW YORK      NY 15349,-8,
12/10/2015,911bb31c-adc6-4fed-9aeb-e65e91037e90,c04a0a27-80dc-4cb7-98a6-167147a49704,SHAKE SHACK 1101       NEW YORK      NY 15343,-8,
12/3/2015,6138167d-489c-4932-9d48-d1948d947e88,c04a0a27-80dc-4cb7-98a6-167147a49704,SHAKE SHACK 1101       NEW YORK      NY 15336,-8,
11/27/2015,97a3780b-c9bd-45ca-950f-2a4eb138f834,c04a0a27-80dc-4cb7-98a6-167147a49704,SHAKE SHACK 1101       NEW YORK      NY 15329,-8,
11/18/2015,3637a082-211b-4239-9e18-aba8f0634600,c04a0a27-80dc-4cb7-98a6-167147a49704,SHAKE SHACK 1101       NEW YORK      NY 15321,-8,
11/12/2015,eb72ac49-e11d-4794-8cca-dd9cd941d916,c04a0a27-80dc-4cb7-98a6-167147a49704,SHAKE SHACK 1101       NEW YORK      NY 15314,-24,
6/3/2016,fc613f09-412d-4eed-8195-ff09618dc7f7,bf92385b-2a62-4598-8858-9edb8f9e5748,TESTED                 3102557272    CA 16154,-40,Tested.com
4/21/2017,4a0a0f6d-9ea6-4913-8e0d-7c6f00f9426c,e983380f-1e31-47dc-8713-3b13659de1d2,FORSKONLINCLEANDIET.CO 8448713198    FL 17110,-49,Fraud?
11/14/2016,cb88e8d2-b064-4b05-b36d-c43662e69e63,b531a493-e933-414e-abe7-bdf6d9a86947,MILANO MARKET          NEW YORK     NYUS02154,-14,Milano Market
4/7/2016,d8615c9a-5c9c-4005-938f-114b20e171ba,e983380f-1e31-47dc-8713-3b13659de1d2,SQC*TIM DUGAN          04153753176   CA 16097,-10,Fraud?
4/21/2017,2ac4bb70-3852-4b2d-91fc-da500e248581,ae3906e3-4c16-4758-a43a-4a9e424d37f9,LENWICH BY LENNY'S     NEW YORK      NY 17110,-8,Lenwich
4/14/2017,0964cd1e-a861-4cf3-9268-7a90c56d1f59,ae3906e3-4c16-4758-a43a-4a9e424d37f9,LENWICH BY LENNY'S     NEW YORK      NY 17103,-8,
4/10/2017,52fb94d2-1644-415c-a8ad-2180b2603fe5,ae3906e3-4c16-4758-a43a-4a9e424d37f9,LENWICH BY LENNY'S     NEW YORK      NY 17097,-9,
4/4/2017,5af92fb4-5860-47b2-91ee-1977631c5bef,ae3906e3-4c16-4758-a43a-4a9e424d37f9,LENWICH BY LENNY'S     NEW YORK      NY 17093,-9,
3/31/2017,7823eec7-d648-442a-b6cb-58ae0cc088b7,ae3906e3-4c16-4758-a43a-4a9e424d37f9,LENWICH BY LENNY'S     NEW YORK      NY 17089,-9,
3/24/2017,59feebda-914b-49c1-aeac-d5c7ccdfd3d2,ae3906e3-4c16-4758-a43a-4a9e424d37f9,LENWICH BY LENNY'S     NEW YORK      NY 17082,-22,
3/9/2017,80c6b8f3-8737-4b57-ab55-ccae5a3c91c8,ae3906e3-4c16-4758-a43a-4a9e424d37f9,LENWICH BY LENNY'S     NEW YORK      NY 17067,-9,
3/7/2017,02243501-a0f3-4e7e-bd67-a996b4f988ce,ae3906e3-4c16-4758-a43a-4a9e424d37f9,LENWICH BY LENNY'S     NEW YORK      NY 17063,-9,
2/24/2017,dcc7380b-f205-43b7-8cd8-00ddfd20ddc9,ae3906e3-4c16-4758-a43a-4a9e424d37f9,LENWICH BY LENNY'S     NEW YORK      NY 17054,-9,
2/17/2017,2dac8d09-5097-43b1-a758-6230dbb42309,ae3906e3-4c16-4758-a43a-4a9e424d37f9,LENWICH BY LENNY'S     NEW YORK      NY 17047,-9,
2/10/2017,a676c5a3-1b2e-4f21-9250-1f4a5e68cab1,ae3906e3-4c16-4758-a43a-4a9e424d37f9,LENWICH BY LENNY'S     NEW YORK      NY 17040,-9,
1/27/2017,18ae03d6-5abd-4d5a-96b0-1a84e34ac962,ae3906e3-4c16-4758-a43a-4a9e424d37f9,LENWICH BY LENNY'S     NEW YORK      NY 17026,-9,
1/23/2017,6335e595-c50d-4dea-baf7-0736bdacef89,ae3906e3-4c16-4758-a43a-4a9e424d37f9,LENWICH BY LENNY'S     NEW YORK      NY 17020,-9,
1/13/2017,1113e38f-844e-44d6-9673-4e69866a72b4,ae3906e3-4c16-4758-a43a-4a9e424d37f9,LENWICH BY LENNY'S     NEW YORK      NY 17012,-9,
1/6/2017,aa0eecbf-3a5b-4ff5-99c5-358ddeae4c99,ae3906e3-4c16-4758-a43a-4a9e424d37f9,LENWICH BY LENNY'S     NEW YORK      NY 17005,-19,
12/16/2016,02b5dc86-464d-4378-8b09-d9bdb9d6607b,ae3906e3-4c16-4758-a43a-4a9e424d37f9,LENWICH BY LENNY'S     NEW YORK      NY 16350,-9,
12/12/2016,1080e224-0a25-46d1-aada-5ca999e80674,ae3906e3-4c16-4758-a43a-4a9e424d37f9,LENWICH BY LENNY'S     NEW YORK      NY 16344,-9,
12/2/2016,2de2ab76-c824-4a45-937b-b2daf95c2d73,ae3906e3-4c16-4758-a43a-4a9e424d37f9,LENWICH BY LENNY'S     NEW YORK      NY 16336,-9,
11/28/2016,136169da-b23c-49d8-878e-eebf29f4dd0f,ae3906e3-4c16-4758-a43a-4a9e424d37f9,LENWICH BY LENNY'S     NEW YORK      NY 16329,-9,
11/18/2016,f0c338db-aa43-4aec-85f7-5e50e1da4af3,ae3906e3-4c16-4758-a43a-4a9e424d37f9,LENWICH BY LENNY'S     NEW YORK      NY 16322,-9,
11/15/2016,33d77fbe-0dc0-44de-bfba-6e90a920b1e3,ae3906e3-4c16-4758-a43a-4a9e424d37f9,LENWICH BY LENNY'S     NEW YORK      NY 16316,-9,
11/3/2016,2fa5d611-e516-4c79-ae24-9b97fe5f9a7e,ae3906e3-4c16-4758-a43a-4a9e424d37f9,LENWICH BY LENNY'S     NEW YORK      NY 16307,-9,
10/21/2016,83b55a5e-9f2e-4ed6-a1af-0f4eb2a3635b,ae3906e3-4c16-4758-a43a-4a9e424d37f9,LENWICH BY LENNY'S     NEW YORK      NY 16294,-9,
10/14/2016,4f7fd9e2-62e7-497e-bc75-366207306fb0,ae3906e3-4c16-4758-a43a-4a9e424d37f9,LENWICH BY LENNY'S     NEW YORK      NY 16287,-9,
10/7/2016,2004c74a-4bde-438e-8f42-c2f1f5841bed,ae3906e3-4c16-4758-a43a-4a9e424d37f9,LENWICH BY LENNY'S     NEW YORK      NY 16280,-11,
9/27/2016,963feeae-3741-4002-b4e9-4075184b95a5,ae3906e3-4c16-4758-a43a-4a9e424d37f9,LENWICH BY LENNY'S     NEW YORK      NY 16268,-9,
9/23/2016,f32be148-975d-45c0-ab72-921fe55f3b28,ae3906e3-4c16-4758-a43a-4a9e424d37f9,LENWICH BY LENNY'S     NEW YORK      NY 16266,-9,
9/16/2016,20cebb03-b5ec-44b4-a3d1-78eb934f3cf3,ae3906e3-4c16-4758-a43a-4a9e424d37f9,LENWICH BY LENNY'S     NEW YORK      NY 16259,-9,
9/14/2016,4d7007f3-3b4b-44a8-a539-c8e64cf078cf,ae3906e3-4c16-4758-a43a-4a9e424d37f9,LENWICH BY LENNY'S     NEW YORK      NY 16257,-9,
9/9/2016,aa5790ef-3c74-4e71-871b-d2f829a5b457,ae3906e3-4c16-4758-a43a-4a9e424d37f9,LENWICH BY LENNY'S     NEW YORK      NY 16252,-9,
8/26/2016,b7a6b0b3-7857-4c8a-8a9b-9b0b135dcf8e,ae3906e3-4c16-4758-a43a-4a9e424d37f9,LENWICH BY LENNY'S     NEW YORK      NY 16238,-9,
8/12/2016,0d4d8113-58dc-41c4-8650-37d8e18540b2,ae3906e3-4c16-4758-a43a-4a9e424d37f9,LENWICH BY LENNY'S     NEW YORK      NY 16224,-9,
8/4/2016,adf587a0-1db4-4f6e-8a58-284e9ddea6d0,ae3906e3-4c16-4758-a43a-4a9e424d37f9,LENWICH BY LENNY'S     NEW YORK      NY 16216,-9,
7/27/2016,f4744d2c-1e48-4a25-a1d4-f4ee1200bc61,ae3906e3-4c16-4758-a43a-4a9e424d37f9,LENWICH BY LENNY'S     NEW YORK      NY 16208,-9,
7/25/2016,a18c3c38-2865-47a2-b8a2-a2c426935549,ae3906e3-4c16-4758-a43a-4a9e424d37f9,LENWICH BY LENNY'S     NEW YORK      NY 16204,-9,
7/13/2016,ac7230a3-672f-4e1a-820b-408d274df240,ae3906e3-4c16-4758-a43a-4a9e424d37f9,LENWICH BY LENNY'S     NEW YORK      NY 16194,-9,
7/8/2016,aa78d03a-b218-4374-a2da-b8fdcd8d6b3c,ae3906e3-4c16-4758-a43a-4a9e424d37f9,LENWICH BY LENNY'S     NEW YORK      NY 16189,-9,
6/30/2016,9cba448d-a521-4d3d-8118-45be248d2cfe,ae3906e3-4c16-4758-a43a-4a9e424d37f9,LENWICH BY LENNY'S     NEW YORK      NY 16181,-9,
6/24/2016,90b90420-b6dc-4af8-b7f6-dad463ebaed9,ae3906e3-4c16-4758-a43a-4a9e424d37f9,LENWICH BY LENNY'S     NEW YORK      NY 16175,-8,
6/3/2016,3baac251-dab6-4bce-82bc-540bc766337c,ae3906e3-4c16-4758-a43a-4a9e424d37f9,LENWICH BY LENNY'S     NEW YORK      NY 16154,-9,
5/31/2016,4330a30d-3a82-4002-ac89-125ee2d9a917,ae3906e3-4c16-4758-a43a-4a9e424d37f9,LENWICH BY LENNY'S     NEW YORK      NY 16148,-9,
5/20/2016,4a901a53-c9d7-45a5-83d2-9f3afd124376,ae3906e3-4c16-4758-a43a-4a9e424d37f9,LENWICH BY LENNY'S     NEW YORK      NY 16140,-9,
5/13/2016,ad51fc05-56f5-4480-90ea-bd6eb7c92e6a,ae3906e3-4c16-4758-a43a-4a9e424d37f9,LENWICH BY LENNY'S     NEW YORK      NY 16133,-9,
5/9/2016,a093973c-a1b5-4ad1-a018-dc44faf827c0,ae3906e3-4c16-4758-a43a-4a9e424d37f9,LENWICH BY LENNY'S     NEW YORK      NY 16127,-9,
5/4/2016,701df0d3-35ec-41c9-b01d-79129062cca2,ae3906e3-4c16-4758-a43a-4a9e424d37f9,LENWICH BY LENNY'S     NEW YORK      NY 16124,-9,
4/25/2016,03b9b160-14f3-4994-a409-456ccda7697f,ae3906e3-4c16-4758-a43a-4a9e424d37f9,LENWICH BY LENNY'S     NEW YORK      NY 16113,-9,
4/20/2016,a9336afd-b04f-4379-8bcb-64ca4a599276,ae3906e3-4c16-4758-a43a-4a9e424d37f9,LENWICH BY LENNY'S     NEW YORK      NY 16110,-9,
4/13/2016,fc3c06eb-3d4f-42a0-a928-f827e99598d5,ae3906e3-4c16-4758-a43a-4a9e424d37f9,LENWICH BY LENNY'S     NEW YORK      NY 16103,-9,
4/8/2016,b0bb915b-f141-48ee-9c6c-f1a4bc99f29a,ae3906e3-4c16-4758-a43a-4a9e424d37f9,LENWICH BY LENNY'S     NEW YORK      NY 16098,-9,
2/19/2016,a5d178f5-a3c3-41d0-95c7-8478f15fa9f5,ae3906e3-4c16-4758-a43a-4a9e424d37f9,LENWICH BY LENNY'S     NEW YORK      NY 16049,-9,
2/12/2016,9f2ba784-e7c4-4cee-9f0a-15863f91b596,ae3906e3-4c16-4758-a43a-4a9e424d37f9,LENWICH BY LENNY'S     NEW YORK      NY 16042,-9,
2/5/2016,052b9049-030a-4abf-85c9-c94a0c7727fd,ae3906e3-4c16-4758-a43a-4a9e424d37f9,LENWICH BY LENNY'S     NEW YORK      NY 16035,-9,
1/20/2016,b402832c-9b15-403c-9391-35b7ec9fa6a5,ae3906e3-4c16-4758-a43a-4a9e424d37f9,LENWICH BY LENNY'S     NEW YORK      NY 16016,-9,
1/8/2016,03a84aa4-59b9-4dd6-bcf6-f3bf4db6a2ee,ae3906e3-4c16-4758-a43a-4a9e424d37f9,LENWICH BY LENNY'S     NEW YORK      NY 16007,-9,
12/22/2015,103fc2e9-9f9d-4bda-bbd2-8979ed4a9eb2,ae3906e3-4c16-4758-a43a-4a9e424d37f9,LENWICH BY LENNY'S     NEW YORK      NY 15353,-9,
12/14/2015,c2f3b61f-b61e-4738-b2f9-21108c5282d3,ae3906e3-4c16-4758-a43a-4a9e424d37f9,LENWICH BY LENNY'S     NEW YORK      NY 15345,-9,
12/8/2015,97133f27-81fc-4f24-8349-2c25a43885a6,ae3906e3-4c16-4758-a43a-4a9e424d37f9,LENWICH BY LENNY'S     NEW YORK      NY 15339,-8,
11/17/2015,7cb4bb87-8390-46f2-a8a7-dfae2e5d6fda,ae3906e3-4c16-4758-a43a-4a9e424d37f9,LENWICH BY LENNY'S     NEW YORK      NY 15318,-9,
11/10/2015,a766c753-5259-40e9-9403-9b08b35019b3,ae3906e3-4c16-4758-a43a-4a9e424d37f9,LENWICH BY LENNY'S     NEW YORK      NY 15311,-20,
1/20/2016,ca0759e3-1b61-49a2-b907-cd5af69f6f4a,ad7f26d7-5e65-47d3-98af-09f90f165722,DOJOFOUNDATION.ORG     8778877815    CA 16019,-40,Dojo Foundation
4/21/2017,2eca2776-f5e0-4c44-91bb-03627b51421b,a54eba72-6045-4759-8478-5cd1467133d5,"Citibank ATM 1107 BROADWAY, NY, NY",-40,Citibank ATM
4/13/2017,7291f42e-de19-4377-b727-7ca97a45e981,a54eba72-6045-4759-8478-5cd1467133d5,"Citibank ATM 1107 BROADWAY, NY, NY",-40,
4/3/2017,f6b5d89b-d965-4699-ad22-5b6707941c54,a54eba72-6045-4759-8478-5cd1467133d5,"Citibank ATM 1107 BROADWAY, NY, NY",-40,
3/27/2017,a7b3370f-a538-4b06-b39a-1e4c30a4db36,a54eba72-6045-4759-8478-5cd1467133d5,"Citibank ATM 1107 BROADWAY, NY, NY",-40,
3/16/2017,9a03b963-fc06-42ac-a1a6-a77b8fd9d966,a54eba72-6045-4759-8478-5cd1467133d5,"Citibank ATM 1107 BROADWAY, NY, NY",-20,
3/9/2017,afdec287-e25c-4234-bf23-c67ed28db82a,a54eba72-6045-4759-8478-5cd1467133d5,"Citibank ATM 1107 BROADWAY, NY, NY",-40,
3/2/2017,a1b6d18a-ab19-43dd-a8f2-5b5960f82d4e,a54eba72-6045-4759-8478-5cd1467133d5,"Citibank ATM 1107 BROADWAY, NY, NY",-40,
2/23/2017,a307f0ed-9b40-4601-b2fc-f92a1322945b,a54eba72-6045-4759-8478-5cd1467133d5,"Citibank ATM 1107 BROADWAY, NY, NY",-40,
2/8/2017,da1c6afe-dcf4-4df6-b10c-8b84171e030e,a54eba72-6045-4759-8478-5cd1467133d5,"Citibank ATM 1107 BROADWAY, NY, NY",-40,
1/31/2017,1b4a2bae-72c8-4a67-acc3-ba851c7c75fa,a54eba72-6045-4759-8478-5cd1467133d5,"Citibank ATM 1107 BROADWAY, NY, NY",-60,
1/20/2017,7cddc8a2-2989-4957-bf0f-52628017c3fc,a54eba72-6045-4759-8478-5cd1467133d5,"Citibank ATM 1107 BROADWAY, NY, NY",-40,
1/9/2017,a3e2d3d8-43b3-4dfe-8a8a-1b1e4ce42738,a54eba72-6045-4759-8478-5cd1467133d5,"Citibank ATM 1107 BROADWAY, NY, NY",-40,
12/7/2016,a0b024a8-cf87-464f-99f9-1ebfe6760b62,a54eba72-6045-4759-8478-5cd1467133d5,"Citibank ATM 1107 BROADWAY, NY, NY",-40,
11/29/2016,6c2f1336-3585-4ecc-8d4d-8fb788e96226,a54eba72-6045-4759-8478-5cd1467133d5,"Citibank ATM 1107 BROADWAY, NY, NY",-40,
11/14/2016,eb00c03c-5740-4fe3-afd1-1b1fa3c6bdd0,a54eba72-6045-4759-8478-5cd1467133d5,"Citibank ATM 201 W 34TH STREET, NY, NY",-40,
11/2/2016,f3e776e5-1818-418f-b553-65dd341596ee,a54eba72-6045-4759-8478-5cd1467133d5,"Citibank ATM 1107 BROADWAY, NY, NY",-40,
10/19/2016,826447d9-0af1-4b4a-90ed-e1404c74ca22,a54eba72-6045-4759-8478-5cd1467133d5,"Citibank ATM 1107 BROADWAY, NY, NY",-40,
10/11/2016,e83dd8e6-3248-4fd8-ac02-b5a947467a2d,a54eba72-6045-4759-8478-5cd1467133d5,"Citibank ATM 1107 BROADWAY, NY, NY",-40,
9/22/2016,68863f25-f347-42e1-bbee-60d15e6a6264,a54eba72-6045-4759-8478-5cd1467133d5,"Citibank ATM 1107 BROADWAY, NY, NY",-40,
9/12/2016,5504ecef-ec16-40a8-b4cd-9930094f4d93,a54eba72-6045-4759-8478-5cd1467133d5,"Citibank ATM 1107 BROADWAY, NY, NY",-20,
8/31/2016,d4a420a2-8d37-4036-9cf8-5bbf2ce3a4ca,a54eba72-6045-4759-8478-5cd1467133d5,"Citibank ATM 1107 BROADWAY, NY, NY",-40,
8/18/2016,4f94576e-3467-43a7-984b-2012eb4c3e7f,a54eba72-6045-4759-8478-5cd1467133d5,"Citibank ATM 1107 BROADWAY, NY, NY",-40,
8/2/2016,c6c8f836-46f2-47ee-bdc7-055b39b4f55c,a54eba72-6045-4759-8478-5cd1467133d5,"Citibank ATM 1107 BROADWAY, NY, NY",-40,
7/14/2016,485e79b1-6217-45a1-9f37-1bc0d4b5a899,a54eba72-6045-4759-8478-5cd1467133d5,"Citibank ATM 1107 BROADWAY, NY, NY",-40,
7/6/2016,86162f75-9089-468f-a0fc-6b8ae9f86444,a54eba72-6045-4759-8478-5cd1467133d5,"Citibank ATM 1107 BROADWAY, NY, NY",-40,
6/30/2016,7789c98a-054a-49a9-9d0a-ee70a647f853,a54eba72-6045-4759-8478-5cd1467133d5,Citibank ATM Withdrawal        Jun 30 12:19 8072,-40,
6/23/2016,4726826b-a443-4212-b368-d4060dc8e835,a54eba72-6045-4759-8478-5cd1467133d5,Citibank ATM Withdrawal        Jun 23 12:20 8072,-40,
6/10/2016,16b584e4-294e-4bce-b85c-3ae9289d1b48,a54eba72-6045-4759-8478-5cd1467133d5,Citibank ATM Withdrawal        Jun 10 14:18 8072,-40,
5/27/2016,b0276b4e-62f4-43e9-adce-99861383f37b,a54eba72-6045-4759-8478-5cd1467133d5,Citibank ATM Withdrawal        May 27 12:09 8072,-40,
5/13/2016,c4714f6e-f1a7-4806-8e46-b63fea93d916,a54eba72-6045-4759-8478-5cd1467133d5,Citibank ATM Withdrawal        May 13 11:59 8072,-60,
5/4/2016,554963cc-92f0-4583-af5b-3e2a762e8fd5,a54eba72-6045-4759-8478-5cd1467133d5,Citibank ATM Withdrawal        May 04 11:46 8072,-40,
4/13/2016,d23b2f3a-3f99-4ba5-9a42-ec1cc88ec1f6,a54eba72-6045-4759-8478-5cd1467133d5,Citibank ATM Withdrawal        Apr 13 12:19 8072,-60,
3/16/2016,c3169f8f-ef0b-4f51-8743-f60ae0cb376a,a54eba72-6045-4759-8478-5cd1467133d5,Citibank ATM Withdrawal        Mar 16 14:38 8072,-40,
2/29/2016,79d561f3-d27a-41ad-a836-c2d15ce87486,a54eba72-6045-4759-8478-5cd1467133d5,Citibank ATM Withdrawal        Feb 29 09:32 8072,-20,
2/18/2016,d19d406f-69ae-4b68-a69f-a695751a6517,a54eba72-6045-4759-8478-5cd1467133d5,Citibank ATM Withdrawal        Feb 18 12:02 8072,-40,
2/4/2016,a11b617e-5992-4f8e-89a4-531a40253b57,a54eba72-6045-4759-8478-5cd1467133d5,Citibank ATM Withdrawal        Feb 04 12:18 8072,-20,
1/28/2016,851bb842-504d-4bff-94a3-6a45b74331b6,a54eba72-6045-4759-8478-5cd1467133d5,Citibank ATM Withdrawal        Jan 28 11:56 8072,-40,
1/20/2016,9ed7831c-5fbb-43a1-b280-44816eee7497,a54eba72-6045-4759-8478-5cd1467133d5,Citibank ATM Withdrawal        Jan 20 12:11 8072,-40,
1/5/2016,a748d0f3-d5a5-4fe2-8c65-3fbf0390d2d2,a54eba72-6045-4759-8478-5cd1467133d5,Citibank ATM Withdrawal        Jan 05 15:56 8072,-40,
12/11/2015,6d09f723-7195-415a-89a3-6be2e3449bc8,a54eba72-6045-4759-8478-5cd1467133d5,Citibank ATM Withdrawal        Dec 11 17:36 8072,-80,
12/4/2015,8c34a48b-e389-43ab-8d64-5553e07547bb,a54eba72-6045-4759-8478-5cd1467133d5,Citibank ATM Withdrawal        Dec 04 11:51 8072,-20,
11/19/2015,2bcea135-28b7-472a-8420-bb1651e54549,a54eba72-6045-4759-8478-5cd1467133d5,Citibank ATM Withdrawal        Nov 19 12:06 8072,-40,
4/5/2016,6c492a65-eb06-4d5d-8b5d-693d21eb36ab,9f1c553c-856c-4fb3-ae47-f8a2a782cd20,FOREIGN FEE                    Apr 05 10:58 8072,-1,Foreign Fee
5/19/2016,63528ea7-b1ab-41f1-8eb9-484ab702f715,9cd3e81a-20c4-4764-a094-de690bf7a060,TM *LOUIS C.K.         800-653-8000  NY 16139,-140,Louis C.K.
11/15/2016,e3494c51-94c5-4dfd-b4f7-231f107c54b5,9c19f27d-3c3e-4150-8ba9-d664724d9114,TWILIO                 8778894546    CA 16317,-20,Twilio
11/30/2015,0ce6714f-2eab-4cb0-b986-33b13f573d3d,9c19f27d-3c3e-4150-8ba9-d664724d9114,TWILIO                 8778894546    CA 15330,-20,
11/27/2015,fe8d60a6-33cd-4934-984e-e8e10a801e0f,9ac14ef0-69c3-4f2a-b8fc-c190ed6fa375,STARBUCKS #10396 NEW Y New York      NY 15329,-50,Starbucks
11/16/2016,a9657aea-8ea8-4e96-91b6-76ba2e510194,9a9573db-4791-463c-93b3-6dde845997f6,UNIQLO NY 34TH ST #32  NEW YORK      NY 16320,-77,Uniqlo
10/4/2016,50bfeae2-0be4-4f83-9ab1-bb4e20a897cd,9a9573db-4791-463c-93b3-6dde845997f6,UNIQLO ECOMMERCE       08774864756   NJ 16277,-139,
8/25/2016,9a8eb318-74e5-4515-beed-64b6f8d6e6a0,9a9573db-4791-463c-93b3-6dde845997f6,UNIQLO ECOMMERCE       08774864756   NJ 16237,-141,
3/30/2016,0410600a-b7c0-4020-877a-9ecf634ce3d9,9a9573db-4791-463c-93b3-6dde845997f6,UNIQLO ECOMMERCE       08774864756   NJ 16089,-189,
3/21/2017,42d608d1-ae94-4deb-9b86-8b39204dae24,e983380f-1e31-47dc-8713-3b13659de1d2,GCWB855-600-9771       8556009771    AZ 17077,-49,Fraud?
11/4/2016,8f1a87c1-9fdf-469c-b5fb-d4285f66d53d,9658f26d-362b-4153-97ff-8d6af76a1ef1,DELTA   00623625656474 DELTA.COM     CA 16308,-12,Delta
4/6/2017,24dfc654-a7e9-4436-a6ca-f8fa08e07ee8,958bfbce-0486-468f-a673-777b69ff0b5d,ACH Electronic Debit - VENMO            PAYMENT,-50,Venmo
3/9/2017,fe35dbb2-43e2-409e-a0a5-0cfd840735bd,958bfbce-0486-468f-a673-777b69ff0b5d,ACH Electronic Debit - VENMO            PAYMENT,-100,
2/28/2017,0413398d-f8ef-4104-afc4-556b30bed66a,958bfbce-0486-468f-a673-777b69ff0b5d,ACH Electronic Debit - VENMO            PAYMENT,-50,
1/12/2017,d8ffe91b-9055-43a8-96d3-10ac1d05510d,958bfbce-0486-468f-a673-777b69ff0b5d,ACH Electronic Debit - VENMO            PAYMENT,-50,
12/14/2016,f7bb965e-b252-47c1-a53f-8ebc06b83ef2,958bfbce-0486-468f-a673-777b69ff0b5d,ACH Electronic Debit - VENMO            PAYMENT,-10,
11/30/2016,da5ad8c4-337e-42ae-84ef-260669457e8a,958bfbce-0486-468f-a673-777b69ff0b5d,ACH Electronic Debit - VENMO            PAYMENT,-50,
11/7/2016,7cdce027-9d6f-43f2-bf1c-a6770770d205,958bfbce-0486-468f-a673-777b69ff0b5f,ACH Electronic Debit - ROBINHOOD (CRFN) ACH,-35,Robinhood
10/4/2016,07f4aaa3-d476-4f10-b255-878ee2f7368a,958bfbce-0486-468f-a673-777b69ff0b5d,ACH Electronic Debit - VENMO            PAYMENT,-119,
9/27/2016,9b5c888f-a3c4-46e1-9531-bf66350f74e2,958bfbce-0486-468f-a673-777b69ff0b5d,ACH Electronic Debit - VENMO            PAYMENT,-50,
9/6/2016,76efe2fe-9312-4a3e-b2c7-d64f53824969,958bfbce-0486-468f-a673-777b69ff0b5d,ACH Electronic Debit - VENMO-2          PAYMENT,-50,
8/8/2016,d3dea500-637d-4b35-93af-328e8cada818,958bfbce-0486-468f-a673-777b69ff0b5d,ACH Electronic Debit - VENMO-2          PAYMENT,-270,
12/2/2015,b6486ed7-46b8-423d-a986-ade18da5ec6f,958bfbce-0486-468f-a673-777b69ff0b5d,ACH Electronic Credit,0,
11/23/2016,8796217d-64f4-44db-91fb-7f4ac977a909,9201ddce-885b-487c-aee7-1760720999f6,Non Citi ATM 9 FERRY TERMINAL D     STATEN ISLAN,-122,ATM
11/6/2015,670601c1-d316-4130-a181-6ea818c07390,90ac90df-8c2f-4b10-a5a8-b04144f1ff4a,TRANSFER TO SAVINGS          Nov 06 17:36 8072,-300,Transfer to savings
7/1/2016,24966e23-2fe4-4585-b994-763e69930bf0,8f291c59-dd7d-4738-a1e0-17ec373a36fc,INSOMNIA COOKIES - 14T NEW YORK      NY 16182,-88,Insomnia Cookies
4/20/2017,f961301e-bf11-4c0b-8c53-36c4c3578696,fe6059e7-01e6-4bfc-a1d8-1798cbfd964b,Amazon.com             AMZN.COM/BILL WA 17109,-17,
3/22/2017,88a1af16-5043-4c64-bba2-50770c84e969,fe6059e7-01e6-4bfc-a1d8-1798cbfd964b,AMAZON.COM AMZN.COM/BI AMZN.COM/BILL WA 17080,-55,
2/8/2017,115d55b4-5bad-452c-ac82-29f121ee1ff5,fe6059e7-01e6-4bfc-a1d8-1798cbfd964b,AMAZON.COM AMZN.COM/BI AMZN.COM/BILL WA 17038,-12,
12/28/2016,fa5199bc-0d90-46db-a41e-9ff994faedcd,fe6059e7-01e6-4bfc-a1d8-1798cbfd964b,Amazon.com             AMZN.COM/BILL WA 16359,-87,
12/16/2016,9e4959f2-b13b-4387-88cc-3e8868660e33,fe6059e7-01e6-4bfc-a1d8-1798cbfd964b,AMAZON.COM AMZN.COM/BI AMZN.COM/BILL WA 16350,-27,
12/12/2016,63731b2c-4b01-45a7-a775-c50118c6a11d,fe6059e7-01e6-4bfc-a1d8-1798cbfd964b,Amazon.com             AMZN.COM/BILL WA 16344,-385,
8/26/2016,202b6a70-9849-4cb8-a5d1-6e63ee1771c5,fe6059e7-01e6-4bfc-a1d8-1798cbfd964b,Amazon.com             AMZN.COM/BILL WA 16238,-333,
5/4/2016,f8b62b32-8ecd-41b3-8699-813cd5330528,fe6059e7-01e6-4bfc-a1d8-1798cbfd964b,AMAZON.COM AMZN.COM/BI AMZN.COM/BILL WA 16124,-31,
4/12/2016,b636be50-a802-4744-a1bd-30ea78805d73,fe6059e7-01e6-4bfc-a1d8-1798cbfd964b,Amazon.com             AMZN.COM/BILL WA 16102,-19,
12/2/2015,17574b65-7ece-4130-8201-73ec72f08baa,fe6059e7-01e6-4bfc-a1d8-1798cbfd964b,AMAZON.COM AMZN.COM/BI AMZN.COM/BILL WA 15335,-146,
12/1/2015,5ddc0b03-98fb-4eb5-9822-54b72571f59a,fe6059e7-01e6-4bfc-a1d8-1798cbfd964b,Amazon.com             AMZN.COM/BILL WA 15332,-38,
11/30/2015,d66af69e-5955-44b2-b354-afdb21efebb7,fe6059e7-01e6-4bfc-a1d8-1798cbfd964b,AMAZON.COM AMZN.COM/BI AMZN.COM/BILL WA 15331,-39,
6/27/2016,6b00e7ed-8178-4ee4-a2b7-7f283701ae05,8833fb67-7420-478f-9fd0-1667257e748c,STAPLES       00102152 NEW YORK      NY 16176,-16,Staples
1/26/2016,ad572e05-cb34-4656-bb46-c0429b4f8922,869e9820-7de8-4ad0-a6ee-1f5ab2103a00,ITCH.IO                6316811337    CA 16023,-19,Itch.io
4/11/2017,000f200d-34e9-4dc5-ab02-37bb9d5ab0aa,84a9cbca-485c-4b94-a507-6a98fb5da09d,STEAMGAMES.COM         BELLEVUE      WA 17100,-29,Steam
4/28/2016,76f15b79-cb10-4e65-8f03-44b4b2ac14bc,84a9cbca-485c-4b94-a507-6a98fb5da09d,STEAMGAMES.COM         BELLEVUE      WA 16118,-19,
2/2/2016,842394e4-876c-434a-a364-bf631188a44e,84a9cbca-485c-4b94-a507-6a98fb5da09d,STEAMGAMES.COM         BELLEVUE      WA 16032,-3,
1/5/2016,5c6eadf2-7d03-4a22-883b-f199f76d584b,84a9cbca-485c-4b94-a507-6a98fb5da09d,STEAMGAMES.COM         BELLEVUE      WA 16004,-9,
4/12/2017,de1db81e-0543-4416-b12a-a07a186a239e,84a9cbca-485c-4b94-a507-6a98fb5da09d,STEAMPOWERED.COM       BELLEVUE      WA 17101,-29,
11/30/2016,8d8508a7-7af8-45b9-af2d-1b225af00a45,84a9cbca-485c-4b94-a507-6a98fb5da09d,STEAMPOWERED.COM       BELLEVUE      WA 16334,-24,
10/26/2016,d43ddc2a-e174-4e40-9958-26eaf9d656a0,84a9cbca-485c-4b94-a507-6a98fb5da09d,STEAMPOWERED.COM       BELLEVUE      WA 16299,-59,
3/17/2016,ae6e690f-4dbd-49e6-9ed2-2131657d15ff,84a9cbca-485c-4b94-a507-6a98fb5da09d,STEAMPOWERED.COM       BELLEVUE      WA 16076,-1,
3/9/2016,4ac381c3-9ce5-4990-9d61-afe103b51548,84a9cbca-485c-4b94-a507-6a98fb5da09d,STEAMPOWERED.COM       BELLEVUE      WA 16068,-49,
1/27/2016,7eaa0b56-f350-44b3-8cc3-890b7dcbd39c,84a9cbca-485c-4b94-a507-6a98fb5da09d,STEAMPOWERED.COM       BELLEVUE      WA 16026,-4,
1/5/2016,f1adbb0f-4054-4052-9f96-880937a42d14,84a9cbca-485c-4b94-a507-6a98fb5da09d,STEAMPOWERED.COM       BELLEVUE      WA 16001,-3,
12/8/2015,9c14e762-c8f4-474c-af3b-ce8b474a5f84,84a9cbca-485c-4b94-a507-6a98fb5da09d,STEAMPOWERED.COM       BELLEVUE      WA 15339,-3,
12/4/2015,7ef46d2d-9f27-4b79-b6a9-d48cfd30f09f,84a9cbca-485c-4b94-a507-6a98fb5da09d,STEAMPOWERED.COM       BELLEVUE      WA 15337,-14,
12/22/2015,eadf9b47-018f-435a-86a2-0b978f137c56,7f87650e-06e0-4791-8854-8a5837160e53,BERNIESANDERS.COM      8554237643    VT 15353,-100,Bernie Sanders
2/6/2017,1d79545a-b846-4f5b-af52-1c8287550802,7d5602fb-ecfa-453f-b0e4-13fc3ec2e9bd,PICO RETAIL            KILLINGTON    VT 17034,-50,Pico Mountain
1/18/2017,742b5802-6797-461e-9f2a-b850a597b7a1,7a7e9133-d9b8-4ae0-9d0b-6de22d02cb0e,NAME-CHEAP.COM NAME-CH 3233752822    AZ 17017,-34,Namecheap
10/12/2016,fca42664-5e7b-42cb-99a9-1f5107bfb009,7a7e9133-d9b8-4ae0-9d0b-6de22d02cb0e,NAME-CHEAP.COM NAME-CH 3233752822    CA 16285,-9,
10/5/2016,aa2597fc-3890-43d9-a7ad-e66987c98911,7a7e9133-d9b8-4ae0-9d0b-6de22d02cb0e,NAME-CHEAP.COM NAME-CH 3233752822    CA 16278,-18,
10/4/2016,72eec82a-7eda-4269-81da-e16fada081df,7a7e9133-d9b8-4ae0-9d0b-6de22d02cb0e,NAME-CHEAP.COM NAME-CH 3233752822    CA 16277,-13,
8/17/2016,9466b68d-196a-49fa-b07d-b58d8e442e4f,7a7e9133-d9b8-4ae0-9d0b-6de22d02cb0e,NAME-CHEAP.COM NAME-CH 3233752822    CA 16229,-9,
5/27/2016,3e21ac03-7b50-42dc-88bb-1f612532a1fc,7a7e9133-d9b8-4ae0-9d0b-6de22d02cb0e,NAME-CHEAP.COM NAME-CH 3233752822    CA 16147,-32,
4/25/2016,280d7e1f-63c8-4d3d-9e77-a7fd270edd26,7a7e9133-d9b8-4ae0-9d0b-6de22d02cb0e,NAME-CHEAP.COM NAME-CH 3233752822    CA 16113,-9,
3/7/2016,a3c4b371-17e1-436c-9b87-e540e1445efe,7a7e9133-d9b8-4ae0-9d0b-6de22d02cb0e,NAME-CHEAP.COM NAME-CH 3233752822    CA 16064,-10,
1/26/2017,f5a241c6-df84-4680-ad51-2fb0d458f2d7,78ef1a98-f615-4461-b819-35e00968e150,JETBLUE 27921681414355 08005382583   UT 17025,-202,JetBlue
4/20/2017,f37b1f36-6a00-400a-9796-f63bcfcd5e76,77908178-be4c-41a6-b7f9-ef0e1ffa8f95,NEW YORK TIMES DIGITAL 8006984637    NY 17109,-35,New York Times
3/23/2017,13360884-09ed-48c0-9dc3-22f9d62f195d,77908178-be4c-41a6-b7f9-ef0e1ffa8f95,NEW YORK TIMES DIGITAL 8006984637    NY 17081,-35,
2/23/2017,59419be9-43b6-4039-880f-1e379a2cd3e8,77908178-be4c-41a6-b7f9-ef0e1ffa8f95,NEW YORK TIMES DIGITAL 8006984637    NY 17053,-35,
1/26/2017,7d3b3d61-bfd1-4d83-a5d3-c455a4b3192a,77908178-be4c-41a6-b7f9-ef0e1ffa8f95,NEW YORK TIMES DIGITAL 8006984637    NY 17025,-35,
12/29/2016,1069a6c9-d2f5-47f3-899a-6a978c93428a,77908178-be4c-41a6-b7f9-ef0e1ffa8f95,NEW YORK TIMES DIGITAL 8006984637    NY 16363,-35,
12/1/2016,7807f47d-a63f-424f-8efa-262403c75ef2,77908178-be4c-41a6-b7f9-ef0e1ffa8f95,NEW YORK TIMES DIGITAL 8006984637    NY 16335,-35,
11/3/2016,14baff3b-b957-4641-b28b-e7eb7c21e3db,77908178-be4c-41a6-b7f9-ef0e1ffa8f95,NEW YORK TIMES DIGITAL 8006984637    NY 16307,-35,
10/6/2016,0d3e8b1b-5696-4e54-9e7c-6e0ddfe95d83,77908178-be4c-41a6-b7f9-ef0e1ffa8f95,NEW YORK TIMES DIGITAL 8006984637    NY 16279,-35,
9/8/2016,51016940-eb18-45e0-9e15-8254b44c1e45,77908178-be4c-41a6-b7f9-ef0e1ffa8f95,NEW YORK TIMES DIGITAL 8006984637    NY 16251,-35,
8/11/2016,9d0df20e-572a-49e1-8730-d989139b9236,77908178-be4c-41a6-b7f9-ef0e1ffa8f95,NEW YORK TIMES DIGITAL 8006984637    NY 16223,-35,
7/14/2016,b583733f-d103-4c23-8683-26d2ffac22a0,77908178-be4c-41a6-b7f9-ef0e1ffa8f95,NEW YORK TIMES DIGITAL 8006984637    NY 16195,-17,
6/16/2016,4ae3897f-16e8-4171-ac1e-fc1b79477fec,77908178-be4c-41a6-b7f9-ef0e1ffa8f95,NEW YORK TIMES DIGITAL 8006984637    NY 16167,-17,
5/19/2016,8f641932-23bc-41ac-a537-7182b1999ba4,77908178-be4c-41a6-b7f9-ef0e1ffa8f95,NEW YORK TIMES DIGITAL 8006984637    NY 16139,-17,
4/21/2016,8dbbcb38-626a-4865-895b-caad800fa8ea,77908178-be4c-41a6-b7f9-ef0e1ffa8f95,NEW YORK TIMES DIGITAL 8006984637    NY 16111,-17,
3/24/2016,2fcfb6bf-a30f-4bc6-bdca-641e1ded5c82,77908178-be4c-41a6-b7f9-ef0e1ffa8f95,NEW YORK TIMES DIGITAL 8006984637    NY 16083,-17,
2/25/2016,73d5c3d6-6ffa-4078-977e-e5e23f009124,77908178-be4c-41a6-b7f9-ef0e1ffa8f95,NEW YORK TIMES DIGITAL 8006984637    NY 16055,-17,
1/28/2016,aa2a87e6-a620-47aa-ab26-a915f518de6c,77908178-be4c-41a6-b7f9-ef0e1ffa8f95,NEW YORK TIMES DIGITAL 8006984637    NY 16027,-17,
12/31/2015,d690c0c3-ac7b-45b1-b8d2-ce172222c1a3,77908178-be4c-41a6-b7f9-ef0e1ffa8f95,NEW YORK TIMES DIGITAL 8006984637    NY 15364,-17,
12/3/2015,c3c70ac9-d133-4fc1-8a90-60ac3f5cda2a,77908178-be4c-41a6-b7f9-ef0e1ffa8f95,NEW YORK TIMES DIGITAL 8006984637    NY 15336,-17,
7/5/2016,782ae825-6788-4944-b22e-ef01710faa78,f4bfe089-c0a9-4293-865e-c97acc43723f,NEW YORK BURGER II     NEW YORK      NY 16183,-13,
6/28/2016,32388fcc-1607-4efb-92e0-f827c3a51f22,f4bfe089-c0a9-4293-865e-c97acc43723f,NEW YORK BURGER II     NEW YORK      NY 16179,-13,
5/16/2016,ce218975-0f8a-4e1d-a0d4-46257b421c43,f4bfe089-c0a9-4293-865e-c97acc43723f,NEW YORK BURGER II     NEW YORK      NY 16134,-13,
11/17/2015,840c0169-042b-4fe5-932b-206660b89fbc,7716e220-02d5-47b2-82a1-e6469cc3abfe,BRGR                   NEW YORK      NY 15320,-12,brgr
3/21/2017,8593a617-a5d9-47f8-b951-a029d1300e1f,e983380f-1e31-47dc-8713-3b13659de1d2,FORKONLINEDIETING.COM  8442067737    IA 17079,-49,Fraud?
4/5/2017,001a5e44-6467-4f95-8de3-75fe16b5b690,c17df5ab-be96-4ea5-937f-7951b982896c,Spotify USA            New York      NY 17094,-9,Spotify
3/7/2017,31b5f9ea-26b4-45d0-ac8c-499e643e2b5c,c17df5ab-be96-4ea5-937f-7951b982896c,Spotify USA            New York      NY 17063,-9,
2/7/2017,3d645b46-8e9b-4176-bdae-30be76320e50,c17df5ab-be96-4ea5-937f-7951b982896c,Spotify USA            New York      NY 17035,-9,
12/6/2016,5efc02f6-abf4-4424-b6f5-52c9ff4a4961,c17df5ab-be96-4ea5-937f-7951b982896c,Spotify USA            New York      NY 16340,-9,
7/6/2016,62b51ecf-6dfa-4ed1-b886-651bcca035a9,c17df5ab-be96-4ea5-937f-7951b982896c,Spotify USA            New York      NY 16186,-9,
6/7/2016,10ffa11b-0f2a-405b-8d41-ef985e107081,c17df5ab-be96-4ea5-937f-7951b982896c,Spotify USA            New York      NY 16156,-9,
5/5/2016,b567ea8d-9c58-461f-95a2-845586783593,c17df5ab-be96-4ea5-937f-7951b982896c,Spotify USA            New York      NY 16125,-9,
4/5/2016,2dcbac25-36ca-442f-863e-1d75f736321c,c17df5ab-be96-4ea5-937f-7951b982896c,Spotify USA            New York      NY 16095,-9,
12/14/2016,0cde5dba-c5f6-4f59-abdb-5152cc1b3665,71107871-b57e-4e14-b440-6a40a0aab9b1,EDYN                   4155240734    CA 16348,-111,Edyn
12/10/2015,84db6709-3ccc-4cf0-a67b-e944eef984e1,65fa9559-0dde-4a76-baf6-8ae89044add9,UISTENCILS             7203061449    WA 15343,-44,UI Stencils
7/29/2016,24e6862b-b6fe-4bca-b0cf-161a70ac8ded,630690e7-dd94-4e71-8176-bcc4a98b932d,Nike Store Flatiron    New York      NY 16210,-164,Nike
3/29/2016,c28f731e-5c5d-496d-b96b-25556839bb5e,5fe9fb98-9d0b-4362-9520-e4b1e40be9f4,TWITTER ADVERTISING    SAN FRANCISCO CA 16088,-29,Twitter
10/17/2016,b8691cb9-7106-4daf-be1b-7da934cc7bb0,d3b726ea-f480-4597-b6ba-d85d9de34dd6,LEGO   *SHOP@HOME      8008354386    CT 16288,-108,
1/19/2017,f585d2b4-bd95-425e-8f26-ba8193ffa111,e983380f-1e31-47dc-8713-3b13659de1d2,sii*skinflawls         8663763591    FL 17018,-49,Fraud?
2/7/2017,e3500f9e-3f85-45bb-814d-eb1d2e97744d,5de59a86-5977-4ff9-9f99-2b84af5b5ca6,HANZ DE FUKO           415-572-7271  CA 17037,-24,Hanz De Fuko
10/4/2016,c6b1cff3-2b49-4e80-8a02-2dfeb57e208a,5de59a86-5977-4ff9-9f99-2b84af5b5ca6,HANZ DE FUKO           04142255792   CA 16275,-24,
7/1/2016,61d4ec97-a2a3-423d-bf18-6ccfa51d7f64,5de59a86-5977-4ff9-9f99-2b84af5b5ca6,HANZ DE FUKO           04142255792   CA 16182,-23,
4/13/2016,8ed4049d-da39-4738-ab11-4951cd94b6f9,5de59a86-5977-4ff9-9f99-2b84af5b5ca6,HANZ DE FUKO           04142255792   CA 16103,-22,
1/25/2016,6aaa00bb-05ed-438c-9dfc-33b722bee1cd,5de59a86-5977-4ff9-9f99-2b84af5b5ca6,HANZ DE FUKO           04142255792   CA 16022,-22,
5/19/2016,0058662d-10b6-410f-aae2-83888282255e,5d7034e6-203f-4aac-a8d5-3cc990709828,EVENT TICKET INSURANCE 08664563102   VA 16139,-13,Event Ticket?
12/4/2015,2b590169-690a-40bd-93c7-bbe244553e25,5bc18617-8cb5-490a-b544-d06776a9ebac,WWW.NEWEGG.COM         800-390-1119  CA 15337,-1,Newegg
11/30/2015,87304350-72fb-4d8d-a3e9-42e8673b8e31,5bc18617-8cb5-490a-b544-d06776a9ebac,WWW.NEWEGG.COM         800-390-1119  CA 15330,-61,
7/14/2016,1e9a462b-b8a4-4c23-a690-c890e32c219f,5a27852c-2401-47da-809a-4d4ef5b03fa1,AMER MUS NAT HIST TIX  NEW YORK      NY 16195,-44,American Museam Natural History
4/8/2016,a684aaae-67be-4472-a6d6-de1167bf4009,58ec81da-5028-4f3b-ae06-bb488c68a810,MLAB                   4157582748    CA 16098,-13,mLab
8/16/2016,25581ef2-b180-4b3b-bd24-d4f03c6b408a,56a65be7-9b52-4b30-a085-d62e0469eb34,HARRY'S 888-212-6855   8882126855    NY 16226,-92,Harry's
4/21/2017,4fc81abf-80cd-4290-8d46-0e779b065c7d,542b1300-95a5-4547-bcde-8cfac2b52ca3,GOOGLE *Ad Hoc Labs    8554925538    CA 17110,-3,Mobile App Subscription
3/21/2017,6b985634-ed9d-4cea-b457-c43a1233df30,542b1300-95a5-4547-bcde-8cfac2b52ca3,GOOGLE *Ad Hoc Labs    8554925538    CA 17079,-3,
3/14/2017,d1852d26-4395-426f-8089-472281886a11,542b1300-95a5-4547-bcde-8cfac2b52ca3,GOOGLE *        8554925538    CA 17072,-9,
2/22/2017,beb817a0-cf24-4232-9b64-5af3534312b7,542b1300-95a5-4547-bcde-8cfac2b52ca3,GOOGLE *Ad Hoc Labs    8554925538    CA 17051,-3,
1/20/2017,73e98bd8-f803-4620-81b5-05765177b457,542b1300-95a5-4547-bcde-8cfac2b52ca3,GOOGLE *Ad Hoc Labs    8554925538    CA 17019,-3,
12/29/2016,ae1fea61-7e20-4ed4-8ac6-36f0c488f3b5,542b1300-95a5-4547-bcde-8cfac2b52ca3,GOOGLE *        8554925538    CA 16363,-10,
12/29/2016,5c7d41b9-600f-42ba-8003-5d739b675a3e,542b1300-95a5-4547-bcde-8cfac2b52ca3,GOOGLE *        8554925538    CA 16363,-9,
12/29/2016,25cb504f-9c5c-42b2-9c06-ae58bc76de48,542b1300-95a5-4547-bcde-8cfac2b52ca3,GOOGLE *        g.co/payhelp# CA 16363,-5,
12/20/2016,6bccff97-0d4b-4357-bfc7-1e71d48de011,542b1300-95a5-4547-bcde-8cfac2b52ca3,GOOGLE *Ad Hoc Labs    8554925538    CA 16354,-3,
11/22/2016,64971862-d239-4c75-baa9-acb60029c542,542b1300-95a5-4547-bcde-8cfac2b52ca3,GOOGLE *Ad Hoc Labs    8554925538    CA 16326,-3,
10/20/2016,336383e0-31de-43ea-b137-6208d394e688,542b1300-95a5-4547-bcde-8cfac2b52ca3,GOOGLE *Ad Hoc Labs    8554925538    CA 16293,-3,
9/20/2016,055bda17-c82f-4dd1-a564-92670420ccb5,542b1300-95a5-4547-bcde-8cfac2b52ca3,GOOGLE *Ad Hoc Labs    8554925538    CA 16263,-3,
8/22/2016,4ef77d38-6308-4d18-910d-0da8b69ed084,542b1300-95a5-4547-bcde-8cfac2b52ca3,GOOGLE *Ad Hoc Labs    8554925538    CA 16232,-3,
7/19/2016,7cf70106-d596-4133-9c71-319122cb18c7,542b1300-95a5-4547-bcde-8cfac2b52ca3,GOOGLE *Perraco Labs   g.co/payhelp# CA 16198,-2,
3/4/2016,4d38bf93-843a-476c-a9af-82762d73ca33,207fba0a-2755-4f83-8e7f-df5eeb4d3df5,GOOGLE * UBER TECHNOLO 855-492-5538  CA 16063,-8,Uber
2/26/2016,3d8e4be1-905a-4bcf-9b01-8d7c094dc848,207fba0a-2755-4f83-8e7f-df5eeb4d3df5,GOOGLE * UBER TECHNOLO 855-492-5538  CA 16056,-8,
1/29/2016,97e200c1-3906-46ae-93a8-5111b3ab87ed,207fba0a-2755-4f83-8e7f-df5eeb4d3df5,GOOGLE * UBER TECHNOLO 855-492-5538  CA 16028,-9,
1/20/2016,d44cb0bf-0432-4b59-a047-5789921c36fd,207fba0a-2755-4f83-8e7f-df5eeb4d3df5,GOOGLE * UBER TECHNOLO 855-492-5538  CA 16016,-21,
1/20/2016,a41aa79d-6729-475c-83f1-55c030ea71d9,207fba0a-2755-4f83-8e7f-df5eeb4d3df5,GOOGLE * UBER TECHNOLO 855-492-5538  CA 16016,-22,
1/12/2016,e60fe56a-45b1-40c9-97af-61f547d7a0fa,207fba0a-2755-4f83-8e7f-df5eeb4d3df5,GOOGLE * UBER TECHNOLO 855-492-5538  CA 16009,-10,
12/28/2015,3089b7ff-93a8-416b-8c95-22da6fa0f195,207fba0a-2755-4f83-8e7f-df5eeb4d3df5,GOOGLE * UBER TECHNOLO 855-492-5538  CA 15358,-9,
12/1/2015,214b0e23-c7e7-4cdb-87f2-89e4b56c6dc6,207fba0a-2755-4f83-8e7f-df5eeb4d3df5,GOOGLE * UBER TECHNOLO 855-492-5538  CA 15332,-9,
12/1/2015,424b6d5e-ca22-4e92-ba40-da54cde3e5a0,207fba0a-2755-4f83-8e7f-df5eeb4d3df5,GOOGLE * UBER TECHNOLO 855-492-5538  CA 15334,-38,
11/17/2015,59dee44c-52c8-47ca-93ec-86d4e83d11aa,207fba0a-2755-4f83-8e7f-df5eeb4d3df5,GOOGLE * UBER TECHNOLO 855-492-5538  CA 15318,-9,
10/28/2016,f1a98d40-890a-4f16-b7ce-73ffa80c93f9,5366645a-dde5-4f39-8ce8-ea144eb34b11,HILLARY FOR AMERICA    8444322016    NY 16301,-152,Hillary for America
9/21/2016,cfdba783-5c2d-4b45-b862-9ed095d51e40,5366645a-dde5-4f39-8ce8-ea144eb34b11,HILLARY FOR AMERICA    8444322016    NY 16264,-5,
11/12/2015,ec73e1e3-99de-4f43-80fa-9c40c0a12e6f,9201ddce-885b-487c-aee7-1760720999f6,NONCITIBANK ATM WITHDRAWAL   Nov 11 18:39 807272,-22,ATM
5/17/2016,46e6f472-f2d7-4fca-9a1d-f948edc22f74,49f282c8-dec2-4cc9-b14a-259d6430223e,HILL COUNTRY CHICKEN   NEW YORK      NY 16135,-12,Hill Country Chicken
4/14/2016,feab5d81-dfa8-44c8-a63c-e2a1c7d3b101,4992aa75-7ed3-40e5-bc7c-cc6e9cd3d9ab,GUNNAROPTIKSLLC        8587692500    CA 16104,-108,Gunnar Optiks
10/11/2016,85461874-961c-41f2-af1d-ab8c4127b548,48d4d852-7133-4e6c-a137-2bffe4aa133e,AMZ*Peter Manning NY   amzn.com/pmts WA 16281,-216,Peter Manning NY
6/21/2016,748c5784-f6d2-49dd-91fc-945cb7b3d9b4,48d4d852-7133-4e6c-a137-2bffe4aa133g,AMZ*JibJab             888-959-1297  WA 16172,-18,Jib Jab
6/7/2016,29d7f67e-5dfc-40ee-804a-8e9d14c08ee1,4636116a-56e1-419a-b2ae-2a5b4c24bea3,ALDO US # 2504         NEW YORK      NY 16156,-87,Aldo
1/6/2017,65c2dc79-c648-4628-9d02-93af7441e47b,440d945a-dd59-46b6-92ae-0bc85dd71c8c,BLS*instra.com         18663127733   GBR17005,-99,Instra
3/7/2016,6535eadd-f532-4a74-9c77-0bc9b12f1b7c,58ec81da-5028-4f3b-ae06-bb488c68a810,MONGOLAB               4157582748    CA 16064,-67,
1/6/2016,d591096c-53fc-46ee-ba36-44d8506a3c87,58ec81da-5028-4f3b-ae06-bb488c68a810,MONGOLAB               4157582748    CA 16005,-1,
12/7/2015,84083f15-195e-4b29-9098-dac39988a477,58ec81da-5028-4f3b-ae06-bb488c68a810,MONGOLAB               4157582748    CA 15338,-2,
12/6/2016,03c3161f-448f-4d51-8b4c-7ec2c1e6233a,42ad2c1f-7519-4e31-890b-ad050657c4bd,TEN TREE INTERNATIONAL REGINA        CAN16340,-75,tentree
11/21/2016,11734734-40f9-4539-a709-4de1189dcb79,41323061-9153-4f2b-bd81-83f873bc21b3,FANDANGO.COM           FANDANGO.COM  CA 16323,-17,Fandango
10/11/2016,291a82d4-d1a7-493c-8c90-c56356711ab7,352090a9-450f-4fd4-b93f-eaf4bae3f197,SQUARE      *SQ *MADIS New York      NY 16281,-14,Mad. Sq. Eats?
4/11/2017,b73036dc-9847-494f-bdd4-3b8dfe04568f,335d9c39-b8cb-4542-a2c1-eade244cc203,CVS/PHARM 10583--636 6 NEW YORK     NYUS05159,-15,CVS
4/25/2017,eda41ac4-6860-4636-8184-62e7401e04e7,333a3709-247d-4d86-9ee0-364582068c08,GRAMMARLY 888-318-6146 8883186146    CA 17112,-29,Grammarly
3/23/2017,c382bffc-6e34-4f5d-b326-c7eeefeedab6,333a3709-247d-4d86-9ee0-364582068c08,GRAMMARLY 888-318-6146 8883186146    CA 17081,-29,
2/23/2017,f82e1843-e2c7-49ed-88a6-421fbbebb980,333a3709-247d-4d86-9ee0-364582068c08,GRAMMARLY 888-318-6146 8883186146    CA 17053,-29,
1/24/2017,a85bb487-ddfe-49f3-ac02-a2f34017c74a,333a3709-247d-4d86-9ee0-364582068c08,GRAMMARLY 888-318-6146 8883186146    CA 17023,-29,
12/23/2016,09b70a35-480c-43e1-b2a5-13176ef58361,333a3709-247d-4d86-9ee0-364582068c08,GRAMMARLY 888-318-6146 8883186146    CA 16357,-29,
11/23/2016,4fecff34-40b8-43e1-9889-4c85868d795e,333a3709-247d-4d86-9ee0-364582068c08,GRAMMARLY 888-318-6146 8883186146    CA 16327,-29,
10/25/2016,0bc6c32a-833e-481c-890a-309622a26902,333a3709-247d-4d86-9ee0-364582068c08,GRAMMARLY 888-318-6146 8883186146    CA 16296,-29,
9/23/2016,18fb7a65-ed56-4ede-a70a-cdd85d51476f,333a3709-247d-4d86-9ee0-364582068c08,GRAMMARLY 888-318-6146 8883186146    CA 16266,-29,
8/23/2016,9b4e674d-be08-4a77-a715-a0fc4e1fb0cd,333a3709-247d-4d86-9ee0-364582068c08,GRAMMARLY 888-318-6146 8883186146    CA 16235,-29,
7/25/2016,62a0bc1d-f872-47c2-9563-4d60b5096072,333a3709-247d-4d86-9ee0-364582068c08,GRAMMARLY 888-318-6146 8883186146    CA 16204,-29,
6/23/2016,bee629c1-22bb-4756-ad14-e17dc03ff6ea,333a3709-247d-4d86-9ee0-364582068c08,GRAMMARLY 888-318-6146 8883186146    CA 16174,-29,
5/24/2016,b29a3c42-e447-478c-97b0-fde34279cc62,333a3709-247d-4d86-9ee0-364582068c08,GRAMMARLY 888-318-6146 8883186146    CA 16144,-29,
11/13/2015,8e372b71-1377-4c27-aa2c-d6a4bd6fb215,32582c21-9f7d-4a04-9198-609e0af85f29,SHAPEWAYS INC.         3473295513    NY 15316,-26,Shapewyas
6/23/2016,bb3e9b11-9373-4c0f-8988-de75ee8184b6,31c8e682-52c7-497f-ba06-474ee9ecb90a,DEBIT PIN PURCHASE            Jun 23 09:34 8072,-15,Unmarked debit purchase
6/13/2016,33875921-2c5e-4689-8e06-a3b949f31112,31c8e682-52c7-497f-ba06-474ee9ecb90a,DEBIT PIN PURCHASE            Jun 13 17:30 8072,-8,
5/27/2016,a2c3273b-b3ca-4d84-908c-952f89782381,31c8e682-52c7-497f-ba06-474ee9ecb90a,DEBIT PIN PURCHASE            May 27 09:36 8072,-13,
5/2/2016,5cbe3a63-7444-4692-8642-9580f57e4754,31c8e682-52c7-497f-ba06-474ee9ecb90a,DEBIT PIN PURCHASE            Apr 30 18:05 8072,-26,
5/2/2016,23e162ea-0b13-4f08-9816-199993bbb643,31c8e682-52c7-497f-ba06-474ee9ecb90a,DEBIT PIN PURCHASE            Apr 30 17:25 8072,-1,
4/25/2016,b1c41700-2049-468e-8e33-f6ea6eb83323,31c8e682-52c7-497f-ba06-474ee9ecb90a,DEBIT PIN PURCHASE            Apr 25 14:01 8072,-5,
4/14/2016,aa4ea84b-385b-4c69-818a-bc33d6682664,31c8e682-52c7-497f-ba06-474ee9ecb90a,DEBIT PIN PURCHASE            Apr 14 12:47 8072,-4,
4/6/2016,d3e01532-3279-4895-a514-e0255206f9fb,31c8e682-52c7-497f-ba06-474ee9ecb90a,DEBIT PIN PURCHASE            Apr 06 17:42 8072,-7,
3/25/2016,d21059f3-1be5-4a4e-96ea-81db25630568,31c8e682-52c7-497f-ba06-474ee9ecb90a,DEBIT PIN PURCHASE            Mar 25 11:45 8072,-6,
3/23/2016,1c3c1dba-a024-4317-9d1f-251aca45f024,31c8e682-52c7-497f-ba06-474ee9ecb90a,DEBIT PIN PURCHASE            Mar 23 14:14 8072,-5,
3/10/2016,73a2b7c3-6fe4-43c7-9f73-57b9cae7360d,31c8e682-52c7-497f-ba06-474ee9ecb90a,DEBIT PIN PURCHASE            Mar 10 14:52 8072,-3,
2/23/2016,d625a0dc-dd0e-4825-a064-d139c82c2951,31c8e682-52c7-497f-ba06-474ee9ecb90a,DEBIT PIN PURCHASE            Feb 23 12:11 8072,-4,
2/12/2016,a4781920-1b59-47f4-bfc4-5e9a42c14194,31c8e682-52c7-497f-ba06-474ee9ecb90a,DEBIT PIN PURCHASE            Feb 12 09:40 8072,-7,
2/11/2016,709c83d7-0468-48f2-ad18-853369d06953,31c8e682-52c7-497f-ba06-474ee9ecb90a,DEBIT PIN PURCHASE            Feb 11 12:21 8072,-4,
1/26/2016,b844af0a-5a67-415c-a20a-b3812d3dc213,31c8e682-52c7-497f-ba06-474ee9ecb90a,DEBIT PIN PURCHASE            Jan 26 12:16 8072,-4,
1/26/2016,9aa29174-1b2a-48eb-a4a7-1ffc29480760,31c8e682-52c7-497f-ba06-474ee9ecb90a,DEBIT PIN PURCHASE            Jan 26 17:36 8072,-10,
1/20/2016,e63963eb-47fd-4fcb-bb37-8a1a9868d551,31c8e682-52c7-497f-ba06-474ee9ecb90a,DEBIT PIN PURCHASE            Jan 20 12:05 8072,-4,
1/12/2016,030cf444-ffc2-47f7-9225-145b7cb34725,31c8e682-52c7-497f-ba06-474ee9ecb90a,DEBIT PIN PURCHASE            Jan 12 09:34 8072,-3,
1/5/2016,38337a23-5206-4e82-9800-9bd18e197e36,31c8e682-52c7-497f-ba06-474ee9ecb90a,DEBIT PIN PURCHASE            Jan 05 15:47 8072,-57,
1/5/2016,f0784a84-7b0e-40da-98f0-d2c40442e453,31c8e682-52c7-497f-ba06-474ee9ecb90a,DEBIT PIN PURCHASE            Jan 05 16:06 8072,-68,
12/21/2015,470f9ea7-d6d7-468f-99df-1dbaab101138,31c8e682-52c7-497f-ba06-474ee9ecb90a,DEBIT PIN PURCHASE            Dec 21 13:02 8072,-5,
12/18/2015,5cc9f817-eff9-40a3-aa93-9c36ea319df1,31c8e682-52c7-497f-ba06-474ee9ecb90a,DEBIT PIN PURCHASE            Dec 18 17:05 8072,-135,
12/15/2015,2365f4a1-f154-4123-a9b0-dac21beadb50,31c8e682-52c7-497f-ba06-474ee9ecb90a,DEBIT PIN PURCHASE            Dec 15 12:17 8072,-43,
12/11/2015,01766a5b-504d-408a-adc6-5058cd2d8cbd,31c8e682-52c7-497f-ba06-474ee9ecb90a,DEBIT PIN PURCHASE            Dec 11 11:44 8072,-8,
12/11/2015,6fa73de9-192e-4edd-919b-a46c0bd57e97,31c8e682-52c7-497f-ba06-474ee9ecb90a,DEBIT PIN PURCHASE            Dec 11 11:52 8072,-39,
12/10/2015,63e53f8e-ae57-49fd-b7e0-711591e20dab,31c8e682-52c7-497f-ba06-474ee9ecb90a,DEBIT PIN PURCHASE            Dec 10 09:20 8072,-9,
3/21/2017,028d1ee7-e1ae-4832-beb9-39c2fc54f525,e983380f-1e31-47dc-8713-3b13659de1d2,GCWD855-600-8116       8556008116    AZ 17079,-49,Fraud?
2/22/2017,4ec44fad-a7a2-4e8f-a0c9-a7ae8a13bb6c,31b33905-6b97-40d7-a585-4b6f2747c1d9,GCWD855-600-8116       8556008116    AZ 17051,-49,
10/31/2016,5565bd77-30d5-4c2d-9b98-c56e4a7f0dc6,3133d05d-84f4-4e57-80e8-1c2a68f074cd,DATA VISION COMPUTER V NEW YORK     NYUS80150,-59,Data Vision
8/12/2016,ff36d139-eea0-4e6d-af5f-5322272b9582,3133d05d-84f4-4e57-80e8-1c2a68f074cd,DATA VISION COMPUTER V NEW YORK     NYUS80150,-59,
2/9/2017,0fbd930e-fb7a-4ee0-a6b7-85c97ab23ffe,2e362436-dffe-45b5-9742-8a1fe71d205d,EISENBERGS SANDWICH SH NEW YORK      NY 17039,-7,Eisenbergs
1/9/2017,12fc8188-a6fc-4324-a407-d66a91a2f182,2e362436-dffe-45b5-9742-8a1fe71d205d,EISENBERGS SANDWICH SH NEW YORK      NY 17006,-5,
11/4/2016,910d9fad-5f1d-439d-b6fc-5182da5c6e20,2e362436-dffe-45b5-9742-8a1fe71d205d,EISENBERGS SANDWICH SH NEW YORK      NY 16308,-5,
10/6/2016,03b21afc-4549-49e5-b1a6-6294240fd563,2e362436-dffe-45b5-9742-8a1fe71d205d,EISENBERGS SANDWICH SH NEW YORK      NY 16279,-5,
9/16/2016,ebea54d5-1533-435b-8108-6b2b08d30d0c,2e362436-dffe-45b5-9742-8a1fe71d205d,EISENBERGS SANDWICH SH NEW YORK      NY 16259,-35,
9/12/2016,90f70a3d-85a9-4fb4-a19e-852d717f29d0,2e362436-dffe-45b5-9742-8a1fe71d205d,EISENBERGS SANDWICH SH NEW YORK      NY 16253,-5,
8/16/2016,a6502ace-62a6-499c-ac5b-cf861a5b05d6,2e362436-dffe-45b5-9742-8a1fe71d205d,EISENBERGS SANDWICH SH NEW YORK      NY 16226,-5,
8/10/2016,a2a8c159-7499-4a38-b550-e881ee3f0c1f,2e362436-dffe-45b5-9742-8a1fe71d205d,EISENBERGS SANDWICH SH NEW YORK      NY 16222,-5,
7/29/2016,faa6bbd0-040d-4ffe-b800-b5b2da72e8c7,2e362436-dffe-45b5-9742-8a1fe71d205d,EISENBERGS SANDWICH SH NEW YORK      NY 16210,-5,
7/26/2016,158b5f26-0ae4-4abc-b706-82e0bc720634,2e362436-dffe-45b5-9742-8a1fe71d205d,EISENBERGS SANDWICH SH NEW YORK      NY 16205,-5,
7/11/2016,e50a897d-eb69-4705-9d63-951b0d904a2a,2e362436-dffe-45b5-9742-8a1fe71d205d,EISENBERGS SANDWICH SH NEW YORK      NY 16190,-5,
6/27/2016,530673e8-37cb-4eec-8cbb-f2b5f24811d8,2e362436-dffe-45b5-9742-8a1fe71d205d,EISENBERGS SANDWICH SH NEW YORK      NY 16176,-5,
6/7/2016,9f7be24c-3173-497a-a914-f0ec0f33ef54,2e362436-dffe-45b5-9742-8a1fe71d205d,EISENBERGS SANDWICH SH NEW YORK      NY 16156,-7,
5/24/2016,1ebf6b44-9225-4fbd-a8e9-c933925a020b,2e362436-dffe-45b5-9742-8a1fe71d205d,EISENBERGS SANDWICH SH NEW YORK      NY 16142,-5,
5/16/2016,093eaaa8-78a2-48c7-816c-37ad7f98bff1,2e362436-dffe-45b5-9742-8a1fe71d205d,EISENBERGS SANDWICH SH NEW YORK      NY 16134,-5,
5/2/2016,40c11363-1a42-49c9-85e1-e7e76cb29c6f,2e362436-dffe-45b5-9742-8a1fe71d205d,EISENBERGS SANDWICH SH NEW YORK      NY 16120,-5,
4/15/2016,b6e6f9d0-3ce9-4b94-b3ba-f720cd01b848,2e362436-dffe-45b5-9742-8a1fe71d205d,EISENBERGS SANDWICH SH NEW YORK      NY 16105,-5,
4/6/2016,5ae0e48b-38bb-419b-9ab4-f869f271e720,2e362436-dffe-45b5-9742-8a1fe71d205d,EISENBERGS SANDWICH SH NEW YORK      NY 16096,-35,
4/4/2016,48cacc7e-44b1-4821-b95c-96b7de6a3cab,2e362436-dffe-45b5-9742-8a1fe71d205d,EISENBERGS SANDWICH SH NEW YORK      NY 16092,-5,
3/11/2016,b01d0162-c5e5-406a-b972-13d86e576464,2e362436-dffe-45b5-9742-8a1fe71d205d,EISENBERGS SANDWICH SH NEW YORK      NY 16070,-7,
3/8/2016,5bc7b2a0-9406-40ce-adee-8fec8a81d913,2e362436-dffe-45b5-9742-8a1fe71d205d,EISENBERGS SANDWICH SH NEW YORK      NY 16065,-5,
3/4/2016,ce7f000d-8d7b-4c42-85de-d64821cc21c9,2e362436-dffe-45b5-9742-8a1fe71d205d,EISENBERGS SANDWICH SH NEW YORK      NY 16063,-5,
2/23/2016,6d086073-f5fc-4c6f-a949-e66524a0ffff,2e362436-dffe-45b5-9742-8a1fe71d205d,EISENBERGS SANDWICH SH NEW YORK      NY 16051,-7,
2/11/2016,ff22d5e4-61a2-4194-bd09-903118e1e4f5,2e362436-dffe-45b5-9742-8a1fe71d205d,EISENBERGS SANDWICH SH NEW YORK      NY 16041,-7,
2/4/2016,ff425af2-493d-4c49-a3c9-f4b70ee648b4,2e362436-dffe-45b5-9742-8a1fe71d205d,EISENBERGS SANDWICH SH NEW YORK      NY 16034,-5,
2/2/2016,7646866f-e567-4e75-bcb6-1de4f90d99ab,2e362436-dffe-45b5-9742-8a1fe71d205d,EISENBERGS SANDWICH SH NEW YORK      NY 16030,-5,
1/19/2016,72574fa0-af1e-4320-88e1-41858d84bc63,2e362436-dffe-45b5-9742-8a1fe71d205d,EISENBERGS SANDWICH SH NEW YORK      NY 16015,-5,
1/14/2016,795b1063-83f1-4bda-9cfc-179c9615b000,2e362436-dffe-45b5-9742-8a1fe71d205d,EISENBERGS SANDWICH SH NEW YORK      NY 16013,-5,
1/11/2016,7eadf075-792f-4497-a9b2-50474b156756,2e362436-dffe-45b5-9742-8a1fe71d205d,EISENBERGS SANDWICH SH NEW YORK      NY 16008,-6,
1/7/2016,949a02e1-5a91-4a06-bb0e-4d4b3e864e32,2e362436-dffe-45b5-9742-8a1fe71d205d,EISENBERGS SANDWICH SH NEW YORK      NY 16006,-7,
12/21/2015,18b9e53e-8805-4051-be9d-fc7477f8a8a9,2e362436-dffe-45b5-9742-8a1fe71d205d,EISENBERGS SANDWICH SH NEW YORK      NY 15352,-5,
12/17/2015,0caca559-fc10-4601-8ba8-c90805b366ef,2e362436-dffe-45b5-9742-8a1fe71d205d,EISENBERGS SANDWICH SH NEW YORK      NY 15350,-5,
12/11/2015,cb3b5cbd-f232-4450-a176-edf8690fdab0,2e362436-dffe-45b5-9742-8a1fe71d205d,EISENBERGS SANDWICH SH NEW YORK      NY 15344,-7,
12/7/2015,57448a33-19e0-48d3-a47a-0751a128deda,2e362436-dffe-45b5-9742-8a1fe71d205d,EISENBERGS SANDWICH SH NEW YORK      NY 15338,-5,
11/23/2015,d539b9b8-ef73-415b-abd2-ea930d47414d,2e362436-dffe-45b5-9742-8a1fe71d205d,EISENBERGS SANDWICH SH NEW YORK      NY 15324,-5,
11/13/2015,008c3a6d-e2fb-4ddd-b05c-de70ce037aed,2e362436-dffe-45b5-9742-8a1fe71d205d,EISENBERGS SANDWICH SH NEW YORK      NY 15315,-4,
11/9/2015,faba6536-51b2-46cd-a905-2879ba5f63fb,2e362436-dffe-45b5-9742-8a1fe71d205d,EISENBERGS SANDWICH SH NEW YORK      NY 15310,-5,
12/14/2015,a4d3e234-b407-4d18-8b6e-557f680fb668,2c441be7-02a6-416c-826d-bf29691fae18,DUNKIN #348821     Q35 NEW YORK      NY 15345,-2,Dunkin' Donuts
8/9/2016,eb8507e6-64b4-4b19-bed0-c8aa9d53d447,2a213fed-9eb7-4323-ab17-35aba6af29e4,PEAK DESIGN LLC        4158586677    CA 16221,-289,Peak Design
8/15/2016,5472b2de-71eb-4d6f-bf24-ef935351d3e8,28741958-e998-4f4e-99c5-45e04e31d14d,SHWOOD                 503-8934277   OR 16225,-254,Shwood
3/7/2017,30e3d7c4-35b7-4ff8-95ce-1d17d0b55a00,e983380f-1e31-47dc-8713-3b13659de1d2,WWWBITSYMICLLC COM     844-2020515   OR 17063,-49,Fraud?
6/30/2016,78424819-9463-478e-b465-bda87b261caf,256fdf9c-bf48-4282-9255-777afc86dbbf,ONE WORLD OBSERVATORY  973-707-2806  NY 16181,-78,One World Observatory
4/13/2017,330e30b3-a776-479e-a7fa-3312eb60920f,24568b68-e1fc-49d2-9af7-6ec5955145af,HEROKU MAR-10739453    8662781349    CA 17102,-14,Heroku
3/13/2017,b79a1d8b-1a70-4d71-88a4-97dcca4b2ca6,24568b68-e1fc-49d2-9af7-6ec5955145af,HEROKU                 8662781349    CA 17069,-14,
2/15/2017,bd9c19b7-a9ae-474a-ac22-dd2165a861a0,24568b68-e1fc-49d2-9af7-6ec5955145af,HEROKU                 8662781349    CA 17045,-9,
1/17/2017,81b23c41-4b78-4f21-8e90-9112dbb05f50,24568b68-e1fc-49d2-9af7-6ec5955145af,HEROKU                 8662781349    CA 17013,-11,
12/14/2016,1a7fd70d-7661-4aa0-8520-a0ad5c538a0b,24568b68-e1fc-49d2-9af7-6ec5955145af,HEROKU                 8662781349    CA 16348,-21,
11/17/2016,c83cd281-e0e7-4414-91da-f3840979cec5,24568b68-e1fc-49d2-9af7-6ec5955145af,HEROKU                 8662781349    CA 16321,-15,
10/13/2016,c4dba9c5-376f-4945-a278-e14b7ef473a5,24568b68-e1fc-49d2-9af7-6ec5955145af,HEROKU                 8662781349    CA 16286,-14,
9/14/2016,9ccc05c9-b9b5-42d5-ac7a-068607ec7675,24568b68-e1fc-49d2-9af7-6ec5955145af,HEROKU                 8662781349    CA 16257,-7,
8/17/2016,a674e0f0-90a3-4e99-bf1b-54010372c9b4,24568b68-e1fc-49d2-9af7-6ec5955145af,HEROKU                 8662781349    CA 16229,-11,
7/15/2016,b3a27da6-5b8f-4849-b4df-7fe4da9c17bf,24568b68-e1fc-49d2-9af7-6ec5955145af,HEROKU                 8662781349    CA 16196,-28,
6/15/2016,fd978440-7951-4048-9d72-d6999ceafb6e,24568b68-e1fc-49d2-9af7-6ec5955145af,HEROKU                 8662781349    CA 16166,-29,
5/11/2016,53ad2936-d770-4e6b-b092-5f2258a5abaf,24568b68-e1fc-49d2-9af7-6ec5955145af,HEROKU                 8662781349    CA 16131,-26,
4/13/2016,6d6cf040-1c82-4827-8fa5-7372bd8358c1,24568b68-e1fc-49d2-9af7-6ec5955145af,HEROKU                 8662781349    CA 16103,-15,
3/16/2016,1fcf7ad5-1ef7-4ea7-a2d6-cf640a8b1356,24568b68-e1fc-49d2-9af7-6ec5955145af,HEROKU                 8662781349    CA 16075,-26,
2/12/2016,10c62d6c-19b7-413a-89a1-3a43f3b07d87,24568b68-e1fc-49d2-9af7-6ec5955145af,HEROKU                 8662781349    CA 16042,-17,
1/19/2016,f6a8e063-79b8-4775-a417-c10feca3ff93,24568b68-e1fc-49d2-9af7-6ec5955145af,HEROKU                 8662781349    CA 16015,-13,
12/18/2015,31693e1a-61d5-44a1-8535-badc26793f44,24568b68-e1fc-49d2-9af7-6ec5955145af,HEROKU                 8662781349    CA 15351,-15,
11/16/2015,f9760246-f173-455e-8bb5-727c0e9cf1d6,24568b68-e1fc-49d2-9af7-6ec5955145af,HEROKU                 8662781349    CA 15317,-7,
5/5/2016,7dfa7ba6-3779-4a79-a867-912b3f97320f,237f186d-ea61-4f6c-8459-7a284a873ef3,DSW.                   866-3797463   OH 16125,-74,Designer Shoe Warehouse
2/21/2017,9593fa7a-8d61-463d-9bb7-27fcf5e97e5a,2202d197-d156-489d-81a4-58ef62392990,VERIZON WRLS D2305-01  NEW YORK      NY 17048,-43,Verizon Store
2/5/2016,1af9eeb1-ceb0-4d96-9fe2-fbc184834fc0,2202d197-d156-489d-81a4-58ef62392990,VERIZON WRLS D2305-01  NEW YORK      NY 16035,-38,
4/24/2017,9e6e3998-cff6-4d0b-9b57-7e38c3fbc2df,207fba0a-2755-4f83-8e7f-df5eeb4d3df5,UBER   APR19 6GWSS     8005928996    CA 17111,-9,Uber
4/17/2017,a7c2552f-9b09-41f0-b49b-2ae50789875c,207fba0a-2755-4f83-8e7f-df5eeb4d3df5,UBER   APR13 XCAYC     8005928996    CA 17104,-9,
3/24/2017,eac8924d-37b8-4079-bf22-7d3a74061ee4,207fba0a-2755-4f83-8e7f-df5eeb4d3df5,UBER   MAR22 AWJ45     8005928996    CA 17082,-10,
3/20/2017,fe565ff7-bdf1-4eb2-87ba-2a14c69de0a5,207fba0a-2755-4f83-8e7f-df5eeb4d3df5,UBER   MAR16 GTDNG     8005928996    CA 17076,-9,
3/17/2017,fc006e2b-5f49-4088-b8e3-41db11faea6f,207fba0a-2755-4f83-8e7f-df5eeb4d3df5,UBER   MAR15 BDWVH     8005928996    CA 17075,-9,
2/22/2017,cb3dc371-9ddf-48de-8359-f473e962dc05,207fba0a-2755-4f83-8e7f-df5eeb4d3df5,UBER   US FEB17 7QHOQ  8005928996    CA 17049,-8,
2/15/2017,cc5a3c70-e564-4c08-b1f8-10713e62c6e4,207fba0a-2755-4f83-8e7f-df5eeb4d3df5,UBER TECHNOLOGIES INC  866-576-1039  CA 17045,-9,
1/24/2017,d9753671-783e-4ab2-bfd1-08d6a6bbc113,207fba0a-2755-4f83-8e7f-df5eeb4d3df5,UBER   US JAN21 AFZEQ  8005928996    CA 17023,-8,
12/19/2016,f0ce4249-a9c8-45af-a745-4fa236e523d7,207fba0a-2755-4f83-8e7f-df5eeb4d3df5,UBER   US DEC15 QID7B  8665761039    CA 16351,-7,
11/22/2016,9419a2cb-c825-4930-a87f-d5ae72696264,207fba0a-2755-4f83-8e7f-df5eeb4d3df5,UBER   US NOV18 5LG5M  8665761039    CA 16326,-9,
11/16/2016,be55cfa1-5ddc-464b-a118-58cde2f9bb7e,207fba0a-2755-4f83-8e7f-df5eeb4d3df5,UBER   US NOV14 HMSLU  8665761039    CA 16320,-8,
11/16/2016,936acfcd-aa64-41cf-af51-311c74279640,207fba0a-2755-4f83-8e7f-df5eeb4d3df5,UBER   US NOV14 7TNPT  8665761039    CA 16320,-8,
9/26/2016,42e944c9-35d3-4098-835c-154f4e758a21,207fba0a-2755-4f83-8e7f-df5eeb4d3df5,UBER   US SEP22 NQPJH  8665761039    CA 16267,-8,
9/16/2016,d289d699-31a0-4d0f-80f3-ceb21fa4c61d,207fba0a-2755-4f83-8e7f-df5eeb4d3df5,UBER   US SEP14 LZO3C  8665761039    CA 16259,-8,
9/8/2016,63d7e6ec-3965-48a8-aa21-32d1dc848c22,207fba0a-2755-4f83-8e7f-df5eeb4d3df5,UBER   US SEP06 LMS7Y  8665761039    CA 16251,-8,
9/6/2016,5af6e727-e6c0-40e9-9a97-7dd5825d3e37,207fba0a-2755-4f83-8e7f-df5eeb4d3df5,UBER   US SEP01 CK4VL  8665761039    CA 16246,-8,
8/31/2016,8264877b-3e8d-4069-99c0-1606d4513624,207fba0a-2755-4f83-8e7f-df5eeb4d3df5,UBER   US AUG29 IX22L  8665761039    CA 16243,-8,
8/30/2016,7676f798-08bc-489d-8b5b-7d9fdb5df00f,207fba0a-2755-4f83-8e7f-df5eeb4d3df5,UBER   US AUG26 MOINH  8665761039    CA 16240,-9,
8/23/2016,34100876-c1af-4052-be71-471bc10a81a8,207fba0a-2755-4f83-8e7f-df5eeb4d3df5,UBER   US AUG19 NYMLJ  8665761039    CA 16233,-8,
8/9/2016,848d83ff-c121-474f-8fed-966a9d65e77a,207fba0a-2755-4f83-8e7f-df5eeb4d3df5,UBER   US AUG05 WY5OL  8665761039    CA 16219,-8,
7/25/2016,5c095c78-34e9-40de-926c-a55db0ea191a,207fba0a-2755-4f83-8e7f-df5eeb4d3df5,UBER   US JUL21 ZVM3R  8665761039    CA 16204,-10,
7/19/2016,21672e26-257c-4f2c-b626-1516d42939df,207fba0a-2755-4f83-8e7f-df5eeb4d3df5,UBER   US JUL15 CMRHU  8665761039    CA 16198,-8,
7/18/2016,127c9eec-3e33-4278-b83b-d574f8b2def7,207fba0a-2755-4f83-8e7f-df5eeb4d3df5,UBER   US JUL14 KS2LE  8665761039    CA 16197,-8,
7/15/2016,2c7d4127-7445-4b7d-862d-64f66ed9aa63,207fba0a-2755-4f83-8e7f-df5eeb4d3df5,UBER   US JUL13 UCMDG  8665761039    CA 16196,-18,
7/14/2016,3f92f0d3-31f8-4c0b-96ba-d25a57079728,207fba0a-2755-4f83-8e7f-df5eeb4d3df5,UBER   US JUL12 3XEAG  8665761039    CA 16195,-8,
6/16/2016,30bca29e-32ed-413e-9467-268c1157b00a,207fba0a-2755-4f83-8e7f-df5eeb4d3df5,UBER   JUN14 US OVSTS  8665761039    CA 16167,-20,
6/14/2016,82b4292c-0550-473f-906c-09dab3b098b8,207fba0a-2755-4f83-8e7f-df5eeb4d3df5,UBER   JUN10 US BHUP3  8665761039    CA 16163,-8,
6/7/2016,0e0827d1-bdce-4982-a83a-1d43e539b727,207fba0a-2755-4f83-8e7f-df5eeb4d3df5,UBER   JUN03 US K45AT  8665761039    CA 16156,-8,
5/13/2016,5516b7b6-425e-4c78-a2f6-c27d19be8998,207fba0a-2755-4f83-8e7f-df5eeb4d3df5,UBER TECHNOLOGIES INC  8665761039    CA 16133,-7,
5/3/2016,8d8b5adc-26d3-46c6-99c8-7a6e870ae327,207fba0a-2755-4f83-8e7f-df5eeb4d3df5,UBER TECHNOLOGIES INC  8665761039    CA 16123,-12,
3/29/2016,aa23463d-d08c-4ac0-8d9f-1616e579e0db,207fba0a-2755-4f83-8e7f-df5eeb4d3df5,UBER TECHNOLOGIES INC  8665761039    CA 16088,-19,
3/29/2016,5bd9f6d8-5dd6-45e6-b000-d83f305f3f20,207fba0a-2755-4f83-8e7f-df5eeb4d3df5,UBER TECHNOLOGIES INC  8665761039    CA 16088,-23,
11/10/2015,90f4b2df-6d39-4e90-9533-2f0b7cc85c41,204d58b6-2eb4-4019-8571-8b2494558d20,SUBWAY        00160705 NEW YORK      NY 15313,-6,Subway
2/4/2016,a465849e-4dff-4d30-929c-11e215c50e85,1e447893-7758-4ea9-92aa-fac10819dfa2,WETPAINTPRINTING       5702082528    PA 16034,-106,Cardboard Cutout
9/9/2016,e22804e3-4647-4db6-b819-672a7de306cc,335d9c39-b8cb-4542-a2c1-eade244cc203,CVS/PHARMACY #10 10583-NEW YORK     NYUS05159,-37,
8/4/2016,3ad242de-93da-4608-b8fc-5f8ff5aef3fa,335d9c39-b8cb-4542-a2c1-eade244cc203,CVS/PHARMACY #10 10583-NEW YORK     NYUS05159,-8,
8/29/2016,5678856d-11bb-4be0-9a13-23ef9a09b05a,1901956c-fd9a-49fe-af62-ee493990f646,MICROSOFT   *STORE     877-696-7786  WA 16239,-217,Microsoft
3/21/2017,93cfbb3b-880d-4360-a29c-aa9ea1edc3ed,14ba5161-d503-4346-b717-7704cad61b11,ACTBLUE*JON.OSSOFF     ACTBLUECC.COM MA 17077,-110,Act Blue
12/23/2016,ff0ba381-36f3-4653-bd91-3d75674f7b36,14ba5161-d503-4346-b717-7704cad61b11,ACTBLUE*TULSIGABBARD   ACTBLUECC.COM MA 16357,-17,
12/7/2016,ffe4ad5f-5ac9-434c-bd99-ad7eb49c80d1,14ba5161-d503-4346-b717-7704cad61b11,ACTBLUE*FOSTERCAMPBEL  ACTBLUECC.COM MA 16341,-5,
11/23/2016,949cfef5-bc08-4e81-9767-93522789f29a,14ba5161-d503-4346-b717-7704cad61b11,ACTBLUE*TULSIGABBARD   ACTBLUECC.COM MA 16327,-17,
10/25/2016,3807acb2-c4b1-478a-94e8-8414dbb54d3f,14ba5161-d503-4346-b717-7704cad61b11,ACTBLUE*TULSIGABBARD   ACTBLUECC.COM MA 16296,-17,
9/23/2016,a0e1d546-2604-40cd-abaf-b6a6f4acffc8,14ba5161-d503-4346-b717-7704cad61b11,ACTBLUE*TULSIGABBARD   ACTBLUECC.COM MA 16266,-17,
8/23/2016,5ca1a433-5841-4542-9ad0-d23504ffd66e,14ba5161-d503-4346-b717-7704cad61b11,ACTBLUE*TULSIGABBARD   ACTBLUECC.COM MA 16235,-17,
7/25/2016,f23b5237-8b32-4c7f-99b9-db4e50977271,14ba5161-d503-4346-b717-7704cad61b11,ACTBLUE*TULSIGABBARD   ACTBLUECC.COM MA 16204,-17,
6/23/2016,5db5b4c6-8a70-4b31-b449-93f7784c2eeb,14ba5161-d503-4346-b717-7704cad61b11,ACTBLUE*TULSIGABBARD   ACTBLUECC.COM MA 16174,-17,
5/31/2016,f3509c41-5666-4b7a-837c-2fceeffbb620,14ba5161-d503-4346-b717-7704cad61b11,ACTBLUE*TIM.CANOVA     ACTBLUECC.COM MA 16148,-55,
4/1/2016,565ce9f0-6df4-4d85-a586-deb18891abf4,14ba5161-d503-4346-b717-7704cad61b11,ACTBLUE*BERNIE.SANDER  ACTBLUECC.COM MA 16091,-17,
3/29/2016,ea46aceb-5745-4ce6-9342-1914d4608fcd,14ba5161-d503-4346-b717-7704cad61b11,ACTBLUE*BERNIE.SANDER  ACTB.LU/CC    MA 16088,-105,
3/11/2016,13ec93f8-6a67-4b3b-82f9-103620566181,14ba5161-d503-4346-b717-7704cad61b11,ACTBLUE*BERNIE.SANDERS ACTB.LU/CC    MA 16070,-102,
1/13/2016,d372dc90-7756-4c35-a6f4-a04649f959d3,14ba5161-d503-4346-b717-7704cad61b11,ACTBLUE*BERNIE.SANDERS 617-5177600   MA 16012,-110,
11/20/2015,14832e0a-3960-4d4e-9898-7925385fc034,1419ce7d-ca06-4c39-8f9c-764ac9e1495c,REI*PAX East           877-674-8241  CT 15323,-109,PAX
4/14/2016,dba238dc-872f-4a69-af12-206b192e6e97,11a64b22-ff07-48ff-a2ea-6dd08c1905ee,OTHER DECREASE                 Apr 14 06:29,-28,Other?
3/15/2016,17254900-d10f-465d-8334-55698a48fdbf,11a64b22-ff07-48ff-a2ea-6dd08c1905ee,OTHER DECREASE                 Mar 15 06:47,-10,
1/14/2016,b6cfb33e-f20c-4cbf-8cc9-471e38e2762c,11a64b22-ff07-48ff-a2ea-6dd08c1905ee,OTHER DECREASE                 Jan 14 06:31,-700,
1/4/2016,c70afaac-178a-4213-8229-a21ca2ffe2ed,11a64b22-ff07-48ff-a2ea-6dd08c1905ee,OTHER DECREASE                 Jan 04 06:41,-498,
11/20/2015,676718b4-ae53-44e0-96df-98409e7cea57,11a64b22-ff07-48ff-a2ea-6dd08c1905ee,OTHER DECREASE                 Nov 20 06:35,-300,
1/6/2017,e3c14799-170a-4b1a-a153-662dc030d9bd,0d48bc41-bf58-4e81-9a2b-ac04555c6ef3,MTA VENDING MACHINES   NEW YORK     NYUS02141,-20,Metro Card
1/4/2017,7718c52f-c92f-4420-919c-360cff20fdc7,0d48bc41-bf58-4e81-9a2b-ac04555c6ef3,MTA VENDING MACHINES   NEW YORK     NYUS02141,-10,
9/6/2016,bf110980-fcf3-4ee1-9d6f-764654ef771c,0d48bc41-bf58-4e81-9a2b-ac04555c6ef3,MTA VENDING MACHINES   NEW YORK     NYUS02141,-10,
3/21/2017,ab326d0a-2731-47ec-a6bd-d13ca2d58e57,e983380f-1e31-47dc-8713-3b13659de1d2,HAMPATTEA              8005772152    OR 17079,-49,Fraud?
2/14/2017,12078d39-cd73-4eaa-a54c-c6f9a912bafb,0c6f943c-e664-4940-80de-dc592337770b,BLIZZARD ENT*ONL STORE 800-592-5499  CA 17044,-10,Blizzard
10/14/2016,efc021c7-af5c-4dfe-85c2-04e53ccf9af8,0c6f943c-e664-4940-80de-dc592337770b,BLIZZARD ENT*ONL STORE 800-592-5499  CA 16287,-10,
6/6/2016,b62fe3c0-3634-4856-8775-b93511e221c2,0c6f943c-e664-4940-80de-dc592337770b,BLIZZARD ENT*ONL STORE 800-592-5499  CA 16155,-10,
5/31/2016,c2d0838d-92af-4e9b-8009-00f5fda176ac,0c6f943c-e664-4940-80de-dc592337770b,BLIZZARD ENT*ONL STORE 800-592-5499  CA 16148,-10,
5/26/2016,fdc24252-ef3c-4405-bc52-c521ae06f0e5,0c6f943c-e664-4940-80de-dc592337770b,BLIZZARD ENT*ONL STORE 800-592-5499  CA 16146,-65,
4/5/2016,047c66e4-e544-4d09-bb9b-ac28ff1277d3,053e7e32-4a20-4431-8ec7-fea05f1f9e64,SP  FIVE SIMPLE STEPS  01656895002   GBR16095,-45,Five Simple Steps
9/2/2016,e7c6cf48-b156-4d41-9861-76fd198c854f,031fcf5e-3c83-4e94-b01b-c8638fb5ca23,DRI*KASPERSKY.COM      MINNETONKA    MN 16245,-38,Kaspersky
12/12/2016,6e365ea3-b358-4fca-8aa6-de8bb0671a33,02772637-66d4-4cec-8f74-b56147f2bb5d,BARNESNOBLE 33 East 17tNew York     NYUS05159,-16,Barnes & Noble
11/18/2016,bbbd27c3-0677-4b0a-8455-bc7259d05186,02772637-66d4-4cec-8f74-b56147f2bb5d,BARNESNOBLE 33 East 17tNew York     NYUS05159,-17,
